"V1","V2","V3","V4","V5","V6","V7","V8","V9","V10","V11","V12","V13","V14","V15","V16","V17","V18","V19","V20","collision","weekday","bizday","onoff"
16339789,"GGHB",160401,"04/01/2016 02:04:00","1125-Traffic Hazard","I80 W / Pinole Valley Rd Ofr","Contra Costa",NA,NA,38.00178,-122.281783,4,13,NA,80,"W","8.854",22.2,"",14,FALSE,"Friday",TRUE,TRUE
16339831,"GGHB",160401,"04/01/2016 03:48:00","1125-Traffic Hazard","I80 W / The Embarcadero Uc","San Francisco",NA,NA,37.789244,-122.387619,4,75,67000,80,"W","5.94",2.4,"",23,FALSE,"Friday",TRUE,FALSE
16339833,"GGHB",160401,"04/01/2016 03:51:00","1125-Traffic Hazard","I80 W / Travis Blvd Ofr","Solano",NA,NA,38.260645,-122.060625,4,95,23182,80,"W","18.104",45.6,"",1,FALSE,"Friday",TRUE,TRUE
16340014,"GGHB",160401,"04/01/2016 07:12:00","1125-Traffic Hazard","I80 W / Old Davis Rd Ofr","Solano",NA,NA,38.530346,-121.750851,4,95,NA,80,"W","R43.82",71.3,"",27,FALSE,"Friday",TRUE,TRUE
16340049,"GGHB",160401,"04/01/2016 07:30:00","1179-Trfc Collision-1141 Enrt","I80 W / W Texas St Onr","Solano FSP",NA,NA,38.247868,-122.073078,4,95,23182,80,"W","17.004",44.5,"",4,TRUE,"Friday",TRUE,TRUE
16340050,"GGHB",160401,"04/01/2016 07:29:00","1179-Trfc Collision-1141 Enrt","I80 W / W Texas St Onr","Solano",NA,NA,38.247868,-122.073078,4,95,23182,80,"W","17.004",44.5,"",12,TRUE,"Friday",TRUE,TRUE
16340094,"GGHB",160401,"04/01/2016 07:57:00","1183-Trfc Collision-Unkn Inj","I80 W / N Meridian Rd Ofr","Solano FSP",NA,NA,38.404904,-121.91246,4,95,81554,80,"W","31.52",59,"",16,TRUE,"Friday",TRUE,TRUE
16340095,"GGHB",160401,"04/01/2016 07:55:00","1183-Trfc Collision-Unkn Inj","I80 W / N Meridian Rd Ofr","Solano",NA,NA,38.404904,-121.91246,4,95,81554,80,"W","31.52",59,"",2,TRUE,"Friday",TRUE,TRUE
16340125,"GGHB",160401,"04/01/2016 08:09:00","1182-Trfc Collision-No Inj","I80 W / Tp","San Francisco",NA,NA,37.824289,-122.313853,4,1,53000,80,"W","1.99",7.3,"",20,TRUE,"Friday",TRUE,FALSE
16340327,"GGHB",160401,"04/01/2016 09:58:00","1182-Trfc Collision-No Inj","I80 W / Appian Wy S Onr","Oakland",NA,NA,37.992603,-122.306302,4,13,57288,80,"W","7.354",20.7,"",24,TRUE,"Friday",TRUE,TRUE
16340342,"GGHB",160401,"04/01/2016 09:59:00","1182-Trfc Collision-No Inj","I80 W / Appian Wy S Onr","Oakland FSP",NA,NA,37.992603,-122.306302,4,13,57288,80,"W","7.354",20.7,"",0,TRUE,"Friday",TRUE,TRUE
16340426,"GGHB",160401,"04/01/2016 10:56:00","1182-Trfc Collision-No Inj","I80 W / University Ave Ofr","Oakland",NA,NA,37.869523,-122.304749,4,1,6000,80,"W","5.99",11.3,"",14,TRUE,"Friday",TRUE,TRUE
16340435,"GGHB",160401,"04/01/2016 11:04:00","1125-Traffic Hazard","I80 W / American Canyon Rd Ofr","Solano",NA,NA,38.171871,-122.196759,4,95,NA,80,"W","8.315",35.8,"",39,FALSE,"Friday",TRUE,TRUE
16340438,"GGHB",160401,"04/01/2016 11:00:00","1125-Traffic Hazard","I80 W / Cherry Glen Rd Onr","Solano",NA,NA,38.323265,-122.025402,4,95,NA,80,"W","R23.004",50.5,"",6,FALSE,"Friday",TRUE,TRUE
16340439,"GGHB",160401,"04/01/2016 10:59:00","1182-Trfc Collision-No Inj","I80 W / Treasure Island Onr","San Francisco",NA,NA,37.808087,-122.367206,4,75,67000,80,"W","7.64",4.1,"",26,TRUE,"Friday",TRUE,TRUE
16340564,"GGHB",160401,"04/01/2016 12:07:00","1125-Traffic Hazard","I80 W / Midspan","Solano",NA,NA,38.061386,-122.226422,4,13,NA,80,"W","0.015",27.5,"",1,FALSE,"Friday",TRUE,FALSE
16340807,"GGHB",160401,"04/01/2016 14:05:00","20002-Hit and Run No Injuries","I80 W Sr13 S Con / Sr13","Oakland",NA,NA,37.848706,-122.296379,4,1,22594,80,"W","4.49",9.8,"",2,FALSE,"Friday",TRUE,FALSE
16340821,"GGHB",160401,"04/01/2016 14:10:00","1183-Trfc Collision-Unkn Inj","I80 W / Powell St Ofr","Oakland",NA,NA,37.842598,-122.297583,4,1,22594,80,"W","4.09",9.4,"",7,TRUE,"Friday",TRUE,TRUE
16340877,"GGHB",160401,"04/01/2016 14:35:00","1125-Traffic Hazard","I80 W / Gilman St Ofr","Oakland FSP",NA,NA,37.881911,-122.308246,4,1,6000,80,"W","6.79",12.1,"",32,FALSE,"Friday",TRUE,TRUE
16340943,"GGHB",160401,"04/01/2016 15:00:00","1182-Trfc Collision-No Inj","I80 W / Powell St E Onr","GGFSP",NA,NA,37.830511,-122.294033,4,1,53000,80,"W","3.29",8.6,"",0,TRUE,"Friday",TRUE,TRUE
16340945,"GGHB",160401,"04/01/2016 14:53:00","1182-Trfc Collision-No Inj","I80 W / Powell St E Onr","Oakland",NA,NA,37.830511,-122.294033,4,1,53000,80,"W","3.29",8.6,"",41,TRUE,"Friday",TRUE,TRUE
16341006,"GGHB",160401,"04/01/2016 15:27:00","1125-Traffic Hazard","I80 W / Central Ave Ofr","Oakland",NA,NA,37.903864,-122.312909,4,13,60620,80,"W","0.454",13.8,"",3,FALSE,"Friday",TRUE,TRUE
16341044,"GGHB",160401,"04/01/2016 15:39:00","1182-Trfc Collision-No Inj","I80 W","Oakland FSP",NA,NA,37.872724,-122.305745,4,1,6000,80,"W","6.29",11.6,"",5,TRUE,"Friday",TRUE,FALSE
16341045,"GGHB",160401,"04/01/2016 15:38:00","1183-Trfc Collision-Unkn Inj","I80 W / Oday Rd Ofr","Solano",NA,NA,38.418702,-121.894334,4,95,NA,80,"W","32.82",60.3,"",11,TRUE,"Friday",TRUE,TRUE
16341078,"GGHB",160401,"04/01/2016 15:52:00","1125-Traffic Hazard","I80 W / Treasure Island Onr","San Francisco",NA,NA,37.808087,-122.367206,4,75,67000,80,"W","7.64",4.1,"",12,FALSE,"Friday",TRUE,TRUE
16341139,"GGHB",160401,"04/01/2016 16:15:00","1125-Traffic Hazard","I80 W / University Ave Ofr","Oakland",NA,NA,37.869523,-122.304749,4,1,6000,80,"W","5.99",11.3,"",36,FALSE,"Friday",TRUE,TRUE
16341199,"GGHB",160401,"04/01/2016 16:36:00","1125-Traffic Hazard","I80 W / Maritime St Ofr","Oakland",NA,NA,37.825643,-122.304094,4,1,53000,80,"W","2.59",7.9,"",35,FALSE,"Friday",TRUE,TRUE
16341234,"GGHB",160401,"04/01/2016 16:54:00","1182-Trfc Collision-No Inj","I80 W / Tp","San Francisco",NA,NA,37.824289,-122.313853,4,1,53000,80,"W","1.99",7.3,"",44,TRUE,"Friday",TRUE,FALSE
16341410,"GGHB",160401,"04/01/2016 18:07:00","1182-Trfc Collision-No Inj","I80 W / Powell St Ofr","Oakland FSP",NA,NA,37.842598,-122.297583,4,1,22594,80,"W","4.09",9.4,"",1,TRUE,"Friday",TRUE,TRUE
16341412,"GGHB",160401,"04/01/2016 18:05:00","1182-Trfc Collision-No Inj","I80 W / Powell St Ofr","Oakland",NA,NA,37.842598,-122.297583,4,1,22594,80,"W","4.09",9.4,"",27,TRUE,"Friday",TRUE,TRUE
16341505,"GGHB",160401,"04/01/2016 18:44:00","1183-Trfc Collision-Unkn Inj","I80 W / I80 W Sr37 W Con","Solano",NA,NA,38.146869,-122.216801,4,95,81666,80,"W","6.215",33.7,"",24,TRUE,"Friday",TRUE,FALSE
16341572,"GGHB",160401,"04/01/2016 19:26:00","CZP-Assist with Construction","I80 W / Cummings Skwy Onr","Solano",NA,NA,38.043044,-122.241306,4,13,NA,80,"W","12.554",25.9,"",41,FALSE,"Friday",TRUE,TRUE
16341750,"GGHB",160401,"04/01/2016 21:19:00","1125-Traffic Hazard","I80 W / Harrison St Ofr","San Francisco",NA,NA,37.784877,-122.39266,4,75,67000,80,"W","5.54",2,"",7,FALSE,"Friday",TRUE,TRUE
16341917,"GGHB",160401,"04/01/2016 23:55:00","1125-Traffic Hazard","I80 W / Tp","Oakland",NA,NA,37.824289,-122.313853,4,1,53000,80,"W","1.99",7.3,"",3,FALSE,"Friday",TRUE,FALSE
16345660,"GGHB",160404,"04/04/2016 03:53:00","1125-Traffic Hazard","I80 W / Georgia St Ofr","Solano",NA,NA,38.101745,-122.22981,4,95,81666,80,"W","2.915",30.4,"",24,FALSE,"Monday",TRUE,TRUE
16345707,"GGHB",160404,"04/04/2016 05:28:00","1183-Trfc Collision-Unkn Inj","I80 W / Mason St Ofr","Solano",NA,NA,38.354411,-121.97866,4,95,81554,80,"W","R26.406",53.9,"",20,TRUE,"Monday",TRUE,TRUE
16345728,"GGHB",160404,"04/04/2016 05:45:00","1125-Traffic Hazard","I80 W / DAVIS ST OFR","Solano FSP",NA,NA,38.350921,-121.985735,4,95,81554,80,"W","R26.006",53.5,"",14,FALSE,"Monday",TRUE,TRUE
16345767,"GGHB",160404,"04/04/2016 06:17:00","1179-Trfc Collision-1141 Enrt","I80 W / Scales","Solano FSP",NA,NA,38.229722,-122.116944,4,95,NA,80,"W","14.304",41.8,"",15,TRUE,"Monday",TRUE,FALSE
16345768,"GGHB",160404,"04/04/2016 06:16:00","1179-Trfc Collision-1141 Enrt","I80 W / Scales","Solano",NA,NA,38.229722,-122.116944,4,95,NA,80,"W","14.304",41.8,"",50,TRUE,"Monday",TRUE,FALSE
16345772,"GGHB",160404,"04/04/2016 06:20:00","1183-Trfc Collision-Unkn Inj","I80 W / Cutting Blvd Ofr","Oakland FSP",NA,NA,37.927978,-122.32287,4,13,60620,80,"W","2.254",15.6,"",41,TRUE,"Monday",TRUE,TRUE
16345773,"GGHB",160404,"04/04/2016 06:18:00","1183-Trfc Collision-Unkn Inj","I80 W / Cutting Blvd Ofr","Oakland",NA,NA,37.927978,-122.32287,4,13,60620,80,"W","2.254",15.6,"",79,TRUE,"Monday",TRUE,TRUE
16345961,"GGHB",160404,"04/04/2016 08:01:00","1182-Trfc Collision-No Inj","I80 W / W Texas St Onr","Solano FSP",NA,NA,38.247868,-122.073078,4,95,23182,80,"W","17.004",44.5,"",2,TRUE,"Monday",TRUE,TRUE
16345962,"GGHB",160404,"04/04/2016 07:58:00","1182-Trfc Collision-No Inj","I80 W / W Texas St Onr","Solano",NA,NA,38.247868,-122.073078,4,95,23182,80,"W","17.004",44.5,"",10,TRUE,"Monday",TRUE,TRUE
16345973,"GGHB",160404,"04/04/2016 08:08:00","1125-Traffic Hazard","I80 W / SCALES","Solano",NA,NA,38.229722,-122.116944,4,95,NA,80,"W","14.304",41.8,"",122,FALSE,"Monday",TRUE,FALSE
16346124,"GGHB",160404,"04/04/2016 09:12:00","1125-Traffic Hazard","I80 W / Tp","San Francisco",NA,NA,37.824289,-122.313853,4,1,53000,80,"W","1.99",7.3,"",11,FALSE,"Monday",TRUE,FALSE
16346227,"GGHB",160404,"04/04/2016 10:10:00","1182-Trfc Collision-No Inj","I80 W / SCALES","Solano",NA,NA,38.229722,-122.116944,4,95,NA,80,"W","14.304",41.8,"",31,TRUE,"Monday",TRUE,FALSE
16346390,"GGHB",160404,"04/04/2016 11:52:00","1125-Traffic Hazard","I80 W / University Ave Onr","Oakland",NA,NA,37.864609,-122.303227,4,1,6000,80,"W","5.69",11,"",21,FALSE,"Monday",TRUE,TRUE
16346512,"GGHB",160404,"04/04/2016 13:06:00","1125-Traffic Hazard","I80 W / 7th St Onr","San Francisco",NA,NA,37.772168,-122.406621,4,75,67000,80,"W","4.288",0.8,"",74,FALSE,"Monday",TRUE,TRUE
16346513,"GGHB",160404,"04/04/2016 13:05:00","1179-Trfc Collision-1141 Enrt","I80 W / University Ave Ofr","Oakland FSP",NA,NA,37.869523,-122.304749,4,1,6000,80,"W","5.99",11.3,"",37,TRUE,"Monday",TRUE,TRUE
16346515,"GGHB",160404,"04/04/2016 13:03:00","1179-Trfc Collision-1141 Enrt","I80 W / University Ave Ofr","Oakland",NA,NA,37.869523,-122.304749,4,1,6000,80,"W","5.99",11.3,"",36,TRUE,"Monday",TRUE,TRUE
16346535,"GGHB",160404,"04/04/2016 13:18:00","1125-Traffic Hazard","I80 W / 7th St Onr","GGFSP",NA,NA,37.772168,-122.406621,4,75,67000,80,"W","4.288",0.8,"",16,FALSE,"Monday",TRUE,TRUE
16346636,"GGHB",160404,"04/04/2016 14:07:00","1125-Traffic Hazard","I80 W / Kidwell Rd Ofr","Solano",NA,NA,38.510449,-121.780453,4,95,NA,80,"W","41.72",69.2,"",14,FALSE,"Monday",TRUE,TRUE
16346740,"GGHB",160404,"04/04/2016 14:55:00","1182-Trfc Collision-No Inj","I80 W / I80 W Sr113 Con","Solano",NA,NA,38.52944,-121.755176,4,95,NA,80,"W","R43.62",71.1,"",63,TRUE,"Monday",TRUE,FALSE
16346825,"GGHB",160404,"04/04/2016 15:30:00","1125-Traffic Hazard","I80 W / Fremont St Ofr","San Francisco",NA,NA,37.78699,-122.389859,4,75,67000,80,"W","5.74",2.2,"",14,FALSE,"Monday",TRUE,TRUE
16346836,"GGHB",160404,"04/04/2016 15:35:00","1125-Traffic Hazard","I80 W / Fifth St Ofr","San Francisco",NA,NA,37.78173,-122.397252,4,75,67000,80,"W","5.24",1.7,"",16,FALSE,"Monday",TRUE,TRUE
16346858,"GGHB",160404,"04/04/2016 15:45:00","20001-Hit and Run w/Injuries","I80 W / University Ave Ofr","Oakland",NA,NA,37.869523,-122.304749,4,1,6000,80,"W","5.99",11.3,"IN",21,FALSE,"Monday",TRUE,TRUE
16347038,"GGHB",160404,"04/04/2016 17:03:00","1179-Trfc Collision-1141 Enrt","I80 W / N Meridian Rd Ofr","Solano FSP",NA,NA,38.404904,-121.91246,4,95,81554,80,"W","31.52",59,"",-1,TRUE,"Monday",TRUE,TRUE
16347040,"GGHB",160404,"04/04/2016 17:01:00","1179-Trfc Collision-1141 Enrt","I80 W / N Meridian Rd Ofr","Solano",NA,NA,38.404904,-121.91246,4,95,81554,80,"W","31.52",59,"",35,TRUE,"Monday",TRUE,TRUE
16347276,"GGHB",160404,"04/04/2016 18:55:00","1179-Trfc Collision-1141 Enrt","I80 W / Fremont St Ofr","San Francisco",NA,NA,37.78699,-122.389859,4,75,67000,80,"W","5.74",2.2,"",65,TRUE,"Monday",TRUE,TRUE
16347416,"GGHB",160404,"04/04/2016 20:40:00","MZP-Assist CT with Maintenance","I80 W / San Pablo Dam Rd Ofr","Oakland",NA,NA,37.959772,-122.330645,4,13,68294,80,"W","4.554",17.9,"",0,FALSE,"Monday",TRUE,TRUE
16347537,"GGHB",160404,"04/04/2016 22:24:00","1125-Traffic Hazard","I80 W / Treasure Island Onr","San Francisco",NA,NA,37.808087,-122.367206,4,75,67000,80,"W","7.64",4.1,"",27,FALSE,"Monday",TRUE,TRUE
16347729,"GGHB",160405,"04/05/2016 05:09:00","1182-Trfc Collision-No Inj","I80 W / Oday Rd Ofr","Solano",NA,NA,38.418702,-121.894334,4,95,NA,80,"W","32.82",60.3,"",21,TRUE,"Tuesday",TRUE,TRUE
16347799,"GGHB",160405,"04/05/2016 06:15:00","1182-Trfc Collision-No Inj","I80 W / Green Valley Rd Onr","Solano",NA,NA,38.213836,-122.142185,4,95,23182,80,"W","12.504",40,"",23,TRUE,"Tuesday",TRUE,TRUE
16347810,"GGHB",160405,"04/05/2016 06:19:00","1183-Trfc Collision-Unkn Inj","I80 W / Appian Wy Ofr","Contra Costa FSP",NA,NA,37.994255,-122.296122,4,13,57288,80,"W","7.954",21.3,"",14,TRUE,"Tuesday",TRUE,TRUE
16347872,"GGHB",160405,"04/05/2016 07:03:00","1179-Trfc Collision-1141 Enrt","I80 W / Cordelia Cvef Onr","Solano FSP",NA,NA,38.227366,-122.121263,4,95,NA,80,"W","14.004",41.5,"",8,TRUE,"Tuesday",TRUE,TRUE
16347875,"GGHB",160405,"04/05/2016 06:59:00","1179-Trfc Collision-1141 Enrt","I80 W / Cordelia Cvef Onr","Solano",NA,NA,38.227366,-122.121263,4,95,NA,80,"W","14.004",41.5,"",20,TRUE,"Tuesday",TRUE,TRUE
16347923,"GGHB",160405,"04/05/2016 07:27:00","1125-Traffic Hazard","I80 W / Gilman St Ofr","Oakland FSP",NA,NA,37.881911,-122.308246,4,1,6000,80,"W","6.79",12.1,"",34,FALSE,"Tuesday",TRUE,TRUE
16347924,"GGHB",160405,"04/05/2016 07:25:00","1125-Traffic Hazard","I80 W / Gilman St Ofr","Oakland",NA,NA,37.881911,-122.308246,4,1,6000,80,"W","6.79",12.1,"",37,FALSE,"Tuesday",TRUE,TRUE
16348161,"GGHB",160405,"04/05/2016 09:07:00","20002-Hit and Run No Injuries","I80 W / Gilman St Ofr","Oakland FSP",NA,NA,37.881911,-122.308246,4,1,6000,80,"W","6.79",12.1,"",16,FALSE,"Tuesday",TRUE,TRUE
16348162,"GGHB",160405,"04/05/2016 09:05:00","20002-Hit and Run No Injuries","I80 W / Gilman St Ofr","Oakland",NA,NA,37.881911,-122.308246,4,1,6000,80,"W","6.79",12.1,"",36,FALSE,"Tuesday",TRUE,TRUE
16348335,"GGHB",160405,"04/05/2016 10:40:00","1183-Trfc Collision-Unkn Inj","I80 W / Powell St Ofr","Oakland FSP",NA,NA,37.842598,-122.297583,4,1,22594,80,"W","4.09",9.4,"",3,TRUE,"Tuesday",TRUE,TRUE
16348336,"GGHB",160405,"04/05/2016 10:39:00","1183-Trfc Collision-Unkn Inj","I80 W / Powell St Ofr","Oakland",NA,NA,37.842598,-122.297583,4,1,22594,80,"W","4.09",9.4,"",5,TRUE,"Tuesday",TRUE,TRUE
16348454,"GGHB",160405,"04/05/2016 11:50:00","BREAK-Traffic Break","I80 W Sr37 W Con / Sr37 W","Solano",NA,NA,38.14143,-122.224595,4,95,81666,80,"W","5.615",33.1,"",32,FALSE,"Tuesday",TRUE,FALSE
16348500,"GGHB",160405,"04/05/2016 12:22:00","1125-Traffic Hazard","I80 W / Manuel Campos Pkwy Ofr","Solano",NA,NA,38.299835,-122.034061,4,95,23182,80,"W","21.204",48.7,"",3,FALSE,"Tuesday",TRUE,TRUE
16348541,"GGHB",160405,"04/05/2016 12:39:00","1125-Traffic Hazard","I80 W / Waterman Blvd Ofr","Solano",NA,NA,38.276293,-122.047378,4,95,23182,80,"W","19.404",46.9,"",9,FALSE,"Tuesday",TRUE,TRUE
16348586,"GGHB",160405,"04/05/2016 13:12:00","1125-Traffic Hazard","I80 W / Waterman Blvd Ofr","Solano",NA,NA,38.276293,-122.047378,4,95,23182,80,"W","19.404",46.9,"",32,FALSE,"Tuesday",TRUE,TRUE
16348644,"GGHB",160405,"04/05/2016 13:37:00","1125-Traffic Hazard","I80 W / Hunter Hill Safety Rest Area Onr","Solano",NA,NA,38.150216,-122.216889,4,95,81666,80,"W","6.415",33.9,"",39,FALSE,"Tuesday",TRUE,TRUE
16348838,"GGHB",160405,"04/05/2016 15:12:00","1125-Traffic Hazard","I80 W / Gilman St Ofr","Oakland FSP",NA,NA,37.881911,-122.308246,4,1,6000,80,"W","6.79",12.1,"",27,FALSE,"Tuesday",TRUE,TRUE
16348840,"GGHB",160405,"04/05/2016 15:10:00","1125-Traffic Hazard","0 I80 W","San Francisco",NA,NA,37.810718,-122.364403,4,75,67000,80,"W","7.84",4.3,"",11,FALSE,"Tuesday",TRUE,FALSE
16348905,"GGHB",160405,"04/05/2016 15:33:00","1125-Traffic Hazard","I80 W / San Pablo Ave Ofr","Oakland",NA,NA,37.940155,-122.324756,4,13,60620,80,"W","3.154",16.5,"",60,FALSE,"Tuesday",TRUE,TRUE
16348944,"GGHB",160405,"04/05/2016 15:51:00","1125-Traffic Hazard","I80 W / Gilman St Ofr","Oakland FSP",NA,NA,37.881911,-122.308246,4,1,6000,80,"W","6.79",12.1,"",8,FALSE,"Tuesday",TRUE,TRUE
16348954,"GGHB",160405,"04/05/2016 15:59:00","1183-Trfc Collision-Unkn Inj","I80 W / Hilltop Dr N Onr","Oakland FSP",NA,NA,37.975686,-122.318684,4,13,60620,80,"W","5.954",19.3,"",31,TRUE,"Tuesday",TRUE,TRUE
16348956,"GGHB",160405,"04/05/2016 15:57:00","1183-Trfc Collision-Unkn Inj","I80 W / Hilltop Dr N Onr","Oakland",NA,NA,37.975686,-122.318684,4,13,60620,80,"W","5.954",19.3,"",59,TRUE,"Tuesday",TRUE,TRUE
16349138,"GGHB",160405,"04/05/2016 17:09:00","1183-Trfc Collision-Unkn Inj","I80 W / Waterman Blvd Ofr","Solano FSP",NA,NA,38.276293,-122.047378,4,95,23182,80,"W","19.404",46.9,"",9,TRUE,"Tuesday",TRUE,TRUE
16349251,"GGHB",160405,"04/05/2016 17:49:00","1125-Traffic Hazard","I80 W / Treasure Island Onr","San Francisco",NA,NA,37.808087,-122.367206,4,75,67000,80,"W","7.64",4.1,"",42,FALSE,"Tuesday",TRUE,TRUE
16349464,"GGHB",160405,"04/05/2016 19:42:00","1183-Trfc Collision-Unkn Inj","I80 W / San Pablo Dam Rd Ofr","Oakland",NA,NA,37.959772,-122.330645,4,13,68294,80,"W","4.554",17.9,"",103,TRUE,"Tuesday",TRUE,TRUE
16349559,"GGHB",160405,"04/05/2016 20:46:00","1125-Traffic Hazard","I80 W / Sfobb Toll Plaza Ofr","San Francisco",NA,NA,37.825388,-122.304799,4,1,53000,80,"W","2.49",7.8,"",23,FALSE,"Tuesday",TRUE,TRUE
16349560,"GGHB",160405,"04/05/2016 20:44:00","1125-Traffic Hazard","I80 W / Sr113 S I80 Con","Solano",NA,NA,38.518731,-121.771562,4,95,NA,80,"W","42.42",69.9,"",13,FALSE,"Tuesday",TRUE,FALSE
16349599,"GGHB",160405,"04/05/2016 21:28:00","1179-Trfc Collision-1141 Enrt","I80 W / I505 S I80 Con","Solano",NA,NA,38.369671,-121.957892,4,95,81554,80,"W","R28.006",55.5,"",NA,TRUE,"Tuesday",TRUE,FALSE
16349600,"GGHB",160405,"04/05/2016 21:27:00","1183-Trfc Collision-Unkn Inj","I80 W / Leisure Town Rd Ofr","Solano",NA,NA,38.392496,-121.928489,4,95,81554,80,"W","30.22",57.7,"",13,TRUE,"Tuesday",TRUE,TRUE
16349653,"GGHB",160405,"04/05/2016 22:15:00","1125-Traffic Hazard","I80 W / I880 N","Oakland",NA,NA,37.825553,-122.308672,4,1,53000,80,"W","2.29",7.6,"",30,FALSE,"Tuesday",TRUE,FALSE
16349826,"SAHB",160406,"04/06/2016 04:24:00","1182-Trfc Collision-No Inj","I80 W / Jwo Richards Blvd","Woodland",NA,NA,38.536564,-121.740004,4,95,NA,80,"W","R44.62",72.1,"",11,TRUE,"Wednesday",TRUE,FALSE
16349828,"GGHB",160406,"04/06/2016 04:28:00","1182-Trfc Collision-No Inj","I80 W / Jwo Richards Blvd","Solano",NA,NA,38.536555,-121.739997,4,95,NA,80,"W","R44.62",72.1,"",7,TRUE,"Wednesday",TRUE,FALSE
16349869,"GGHB",160406,"04/06/2016 05:44:00","1182-Trfc Collision-No Inj","I80 W / Harrison St Ofr","San Francisco",NA,NA,37.784877,-122.39266,4,75,67000,80,"W","5.54",2,"",57,TRUE,"Wednesday",TRUE,TRUE
16349894,"GGHB",160406,"04/06/2016 06:06:00","1183-Trfc Collision-Unkn Inj","I80 W / Powell St E Onr","Oakland",NA,NA,37.830511,-122.294033,4,1,53000,80,"W","3.29",8.6,"",86,TRUE,"Wednesday",TRUE,TRUE
16349923,"GGHB",160406,"04/06/2016 06:21:00","1183-Trfc Collision-Unkn Inj","I80 W / Green Valley Rd Onr","Solano",NA,NA,38.213836,-122.142185,4,95,23182,80,"W","12.504",40,"",24,TRUE,"Wednesday",TRUE,TRUE
16349983,"GGHB",160406,"04/06/2016 06:57:00","20002-Hit and Run No Injuries","I80 W / San Pablo Dam Rd Ofr","Oakland FSP",NA,NA,37.959772,-122.330645,4,13,68294,80,"W","4.554",17.9,"",10,FALSE,"Wednesday",TRUE,TRUE
16349985,"GGHB",160406,"04/06/2016 06:54:00","20002-Hit and Run No Injuries","I80 W / San Pablo Dam Rd Ofr","Oakland",NA,NA,37.959772,-122.330645,4,13,68294,80,"W","4.554",17.9,"",46,FALSE,"Wednesday",TRUE,TRUE
16350022,"GGHB",160406,"04/06/2016 07:23:00","1182-Trfc Collision-No Inj","I80 W / I80 W San Pablo Ave OFR - Gore Pt","Oakland",NA,NA,37.938211,-122.325867,4,13,60620,80,"W","3.054",16.4,"",81,TRUE,"Wednesday",TRUE,TRUE
16350023,"GGHB",160406,"04/06/2016 07:22:00","1182-Trfc Collision-No Inj","I80 W / I80 W San Pablo Ave OFR - Gore Pt","Oakland FSP",NA,NA,37.938211,-122.325867,4,13,60620,80,"W","3.054",16.4,"",0,TRUE,"Wednesday",TRUE,TRUE
16350062,"GGHB",160406,"04/06/2016 07:35:00","1125-Traffic Hazard","I80 W / Pedrick Rd Ofr","Solano",NA,NA,38.492305,-121.799814,4,95,NA,80,"W","40.02",67.5,"",21,FALSE,"Wednesday",TRUE,TRUE
16350143,"GGHB",160406,"04/06/2016 08:09:00","1125-Traffic Hazard","I80 W / Ashby Ofr - Gore Pt","Oakland",NA,NA,37.850978,-122.299583,4,1,6000,80,"W","4.69",10,"",17,FALSE,"Wednesday",TRUE,TRUE
16350235,"GGHB",160406,"04/06/2016 08:51:00","1125-Traffic Hazard","I80 W / CUMMINGS SKWY OFR","Contra Costa FSP",NA,NA,38.046954,-122.235761,4,13,NA,80,"W","12.954",26.3,"",16,FALSE,"Wednesday",TRUE,TRUE
16350236,"GGHB",160406,"04/06/2016 08:50:00","1125-Traffic Hazard","I80 W / CUMMINGS SKWY OFR","Contra Costa",NA,NA,38.046954,-122.235761,4,13,NA,80,"W","12.954",26.3,"",19,FALSE,"Wednesday",TRUE,TRUE
16350384,"GGHB",160406,"04/06/2016 09:59:00","20002-Hit and Run No Injuries","I80 W / University Ave Ofr","Oakland",NA,NA,37.869523,-122.304749,4,1,6000,80,"W","5.99",11.3,"",24,FALSE,"Wednesday",TRUE,TRUE
16350402,"GGHB",160406,"04/06/2016 10:06:00","1125-Traffic Hazard","I80 W I680 Con / I680 S","Solano",NA,NA,38.214575,-122.137925,4,95,23182,80,"W","12.804",40.3,"",8,FALSE,"Wednesday",TRUE,FALSE
16350442,"GGHB",160406,"04/06/2016 10:37:00","1125-Traffic Hazard","I80 W / Currey Rd Ofr","Solano",NA,NA,38.476193,-121.819861,4,95,NA,80,"W","38.52",66,"",1,FALSE,"Wednesday",TRUE,TRUE
16350538,"GGHB",160406,"04/06/2016 11:28:00","1125-Traffic Hazard","I80 W / US101 S","San Francisco FSP",NA,NA,37.766461,-122.40526,4,75,67000,80,"W","3.888",0.4,"",20,FALSE,"Wednesday",TRUE,FALSE
16350539,"GGHB",160406,"04/06/2016 11:24:00","1125-Traffic Hazard","I80 W / US101 S","San Francisco",NA,NA,37.766461,-122.40526,4,75,67000,80,"W","3.888",0.4,"",45,FALSE,"Wednesday",TRUE,FALSE
16350650,"GGHB",160406,"04/06/2016 12:21:00","1125-Traffic Hazard","I80 W / Barrett Ave Onr","Oakland",NA,NA,37.93162,-122.325372,4,13,60620,80,"W","2.554",15.9,"",28,FALSE,"Wednesday",TRUE,TRUE
16350703,"GGHB",160406,"04/06/2016 12:48:00","1125-Traffic Hazard","I80 W / Green Valley Rd Onr","Solano",NA,NA,38.213836,-122.142185,4,95,23182,80,"W","12.504",40,"",31,FALSE,"Wednesday",TRUE,TRUE
16350771,"GGHB",160406,"04/06/2016 13:24:00","1183-Trfc Collision-Unkn Inj","I80 W / Treasure Island Onr","San Francisco",NA,NA,37.808087,-122.367206,4,75,67000,80,"W","7.64",4.1,"",3,TRUE,"Wednesday",TRUE,TRUE
16351495,"GGHB",160406,"04/06/2016 18:28:00","20002-Hit and Run No Injuries","I80 W / I505 S I80 Con","Solano",NA,NA,38.369671,-121.957892,4,95,81554,80,"W","R28.006",55.5,"",17,FALSE,"Wednesday",TRUE,FALSE
16351504,"GGHB",160406,"04/06/2016 18:38:00","1125-Traffic Hazard","I80 W / 7th St Onr","GGFSP",NA,NA,37.772168,-122.406621,4,75,67000,80,"W","4.288",0.8,"",0,FALSE,"Wednesday",TRUE,TRUE
16351505,"GGHB",160406,"04/06/2016 18:37:00","1125-Traffic Hazard","I80 W / 7th St Onr","San Francisco",NA,NA,37.772168,-122.406621,4,75,67000,80,"W","4.288",0.8,"",28,FALSE,"Wednesday",TRUE,TRUE
16351567,"GGHB",160406,"04/06/2016 19:11:00","1183-Trfc Collision-Unkn Inj","I80 W / Powell St Ofr","Oakland",NA,NA,37.842598,-122.297583,4,1,22594,80,"W","4.09",9.4,"",36,TRUE,"Wednesday",TRUE,TRUE
16351719,"GGHB",160406,"04/06/2016 20:56:00","1125-Traffic Hazard","I80 W / Magazine St Ofr","Solano",NA,NA,38.085969,-122.232797,4,95,81666,80,"W","1.815",29.3,"",3,FALSE,"Wednesday",TRUE,TRUE
16351843,"GGHB",160406,"04/06/2016 22:51:00","CZP-Assist with Construction","I80 W / I80 W I680 CON","Solano",NA,NA,38.220663,-122.132285,4,95,23182,80,"W","13.204",40.7,"",225,FALSE,"Wednesday",TRUE,FALSE
16351981,"GGHB",160407,"04/07/2016 03:47:00","1125-Traffic Hazard","I80 W / Carlson Blvd Onr","Oakland",NA,NA,37.907481,-122.315399,4,13,60620,80,"W","0.754",14.1,"",4,FALSE,"Thursday",TRUE,TRUE
16352050,"GGHB",160407,"04/07/2016 05:38:00","1125-Traffic Hazard","I80 W / Treasure Island Onr","San Francisco",NA,NA,37.808087,-122.367206,4,75,67000,80,"W","7.64",4.1,"",4,FALSE,"Thursday",TRUE,TRUE
16352094,"GGHB",160407,"04/07/2016 06:12:00","1183-Trfc Collision-Unkn Inj","I80 W I680 CON","Solano FSP",NA,NA,38.21678,-122.137934,4,95,23182,80,"W","12.804",40.3,"",2,TRUE,"Thursday",TRUE,FALSE
16352095,"GGHB",160407,"04/07/2016 06:10:00","1125-Traffic Hazard","0 I80 W","Oakland",NA,NA,37.827506,-122.296334,4,1,53000,80,"W","2.99",8.3,"",5,FALSE,"Thursday",TRUE,FALSE
16352406,"GGHB",160407,"04/07/2016 08:43:00","1125-Traffic Hazard","I80 W / Dixon Ave W Onr","Solano FSP",NA,NA,38.444934,-121.860053,4,95,NA,80,"W","35.42",62.9,"",1,FALSE,"Thursday",TRUE,TRUE
16352407,"GGHB",160407,"04/07/2016 08:41:00","1125-Traffic Hazard","I80 W / Scales","Solano FSP",NA,NA,38.229722,-122.116944,4,95,NA,80,"W","14.304",41.8,"",4,FALSE,"Thursday",TRUE,FALSE
16352408,"GGHB",160407,"04/07/2016 08:39:00","1125-Traffic Hazard","I80 W / Scales","Solano",NA,NA,38.229722,-122.116944,4,95,NA,80,"W","14.304",41.8,"",13,FALSE,"Thursday",TRUE,FALSE
16352409,"GGHB",160407,"04/07/2016 08:38:00","1125-Traffic Hazard","I80 W / Dixon Ave W Onr","Solano",NA,NA,38.444934,-121.860053,4,95,NA,80,"W","35.42",62.9,"",38,FALSE,"Thursday",TRUE,TRUE
16352445,"GGHB",160407,"04/07/2016 08:58:00","1125-Traffic Hazard","I80 W / Powell St Ofr","Oakland FSP",NA,NA,37.842598,-122.297583,4,1,22594,80,"W","4.09",9.4,"",1,FALSE,"Thursday",TRUE,TRUE
16352556,"GGHB",160407,"04/07/2016 09:51:00","1182-Trfc Collision-No Inj","I80 W / Central Ave Ofr","Oakland",NA,NA,37.903864,-122.312909,4,13,60620,80,"W","0.454",13.8,"",18,TRUE,"Thursday",TRUE,TRUE
16352647,"GGHB",160407,"04/07/2016 10:37:00","1125-Traffic Hazard","I80 W / Pena Adobe Ofr","Solano",NA,NA,38.337139,-122.016491,4,95,NA,80,"W","24.006",51.5,"",6,FALSE,"Thursday",TRUE,TRUE
16352672,"GGHB",160407,"04/07/2016 10:52:00","1125-Traffic Hazard","I80 W / San Pablo Ave Ofr","Oakland",NA,NA,37.940155,-122.324756,4,13,60620,80,"W","3.154",16.5,"",35,FALSE,"Thursday",TRUE,TRUE
16353059,"GGHB",160407,"04/07/2016 13:54:00","1125-Traffic Hazard","I80 W / Cutting Blvd Hov Ofr","Oakland",NA,NA,37.927978,-122.32287,4,13,60620,80,"W","2.254",15.6,"",5,FALSE,"Thursday",TRUE,TRUE
16353186,"GGHB",160407,"04/07/2016 14:53:00","1125-Traffic Hazard","I80 W / Cherry Glen Rd Ofr","Solano FSP",NA,NA,38.342983,-122.00676,4,95,81554,80,"W","24.706",52.2,"",50,FALSE,"Thursday",TRUE,TRUE
16353259,"GGHB",160407,"04/07/2016 15:18:00","1125-Traffic Hazard","I80 W / WATERMAN BLVD OFR","Solano",NA,NA,38.276293,-122.047378,4,95,23182,80,"W","19.404",46.9,"",38,FALSE,"Thursday",TRUE,TRUE
16353285,"GGHB",160407,"04/07/2016 15:26:00","1125-Traffic Hazard","I80 W / Gilman St Ofr","Oakland",NA,NA,37.881911,-122.308246,4,1,6000,80,"W","6.79",12.1,"",14,FALSE,"Thursday",TRUE,TRUE
16353896,"GGHB",160407,"04/07/2016 20:15:00","CZP-Assist with Construction","I80 W / Carq Toll Plaza Ofr","Solano",NA,NA,38.072115,-122.229026,4,95,81666,80,"W","0.815",28.3,"",470,FALSE,"Thursday",TRUE,TRUE
16353897,"GGHB",160407,"04/07/2016 20:10:00","1125-Traffic Hazard","I80 W / American Canyon Rd Ofr","Solano",NA,NA,38.171871,-122.196759,4,95,NA,80,"W","8.315",35.8,"",NA,FALSE,"Thursday",TRUE,TRUE
16354205,"GGHB",160408,"04/08/2016 03:12:00","1125-Traffic Hazard","I80 W / 9th St Ofr","San Francisco",NA,NA,37.775564,-122.405811,4,75,67000,80,"W","4.488",1,"",18,FALSE,"Friday",TRUE,TRUE
16354519,"GGHB",160408,"04/08/2016 08:08:00","1179-Trfc Collision-1141 Enrt","I80 W / Abernathy Rd Ofr","Solano FSP",NA,NA,38.244248,-122.082717,4,95,23182,80,"W","16.404",43.9,"",28,TRUE,"Friday",TRUE,TRUE
16354520,"GGHB",160408,"04/08/2016 08:06:00","1179-Trfc Collision-1141 Enrt","I80 W / Abernathy Rd Ofr","Solano",NA,NA,38.244248,-122.082717,4,95,23182,80,"W","16.404",43.9,"",59,TRUE,"Friday",TRUE,TRUE
16354595,"GGHB",160408,"04/08/2016 08:37:00","1125-Traffic Hazard","0 I80 W","Solano",NA,NA,38.072115,-122.229026,4,95,81666,80,"W","0.815",28.3,"",20,FALSE,"Friday",TRUE,FALSE
16354645,"GGHB",160408,"04/08/2016 09:03:00","1125-Traffic Hazard","I80 W / Tp","San Francisco",NA,NA,37.824289,-122.313853,4,1,53000,80,"W","1.99",7.3,"",3,FALSE,"Friday",TRUE,FALSE
16354922,"GGHB",160408,"04/08/2016 11:46:00","PANGA-Smuggling Fishing Boat","I80 W / Treasure Island Onr","San Francisco",NA,NA,37.808087,-122.367206,4,75,67000,80,"W","7.64",4.1,"",3,FALSE,"Friday",TRUE,TRUE
16355104,"GGHB",160408,"04/08/2016 13:21:00","20002-Hit and Run No Injuries","I80 W / Ashby Ofr - Gore Pt","Oakland",NA,NA,37.850978,-122.299583,4,1,6000,80,"W","4.69",10,"",9,FALSE,"Friday",TRUE,TRUE
16355236,"GGHB",160408,"04/08/2016 14:07:00","1125-Traffic Hazard","I80 W / I80 W Sr12 Con","Solano",NA,NA,38.210498,-122.147019,4,95,23182,80,"W","12.204",39.7,"",19,FALSE,"Friday",TRUE,FALSE
16355291,"GGHB",160408,"04/08/2016 14:46:00","1125-Traffic Hazard","I80 W / San Pablo Dam Rd Ofr","Oakland FSP",NA,NA,37.959772,-122.330645,4,13,68294,80,"W","4.554",17.9,"",16,FALSE,"Friday",TRUE,TRUE
16355293,"GGHB",160408,"04/08/2016 14:44:00","1125-Traffic Hazard","I80 W / San Pablo Dam Rd Ofr","Oakland",NA,NA,37.959772,-122.330645,4,13,68294,80,"W","4.554",17.9,"",2,FALSE,"Friday",TRUE,TRUE
16355302,"GGHB",160408,"04/08/2016 14:53:00","1125-Traffic Hazard","I80 W / W Texas St Onr","Solano",NA,NA,38.247868,-122.073078,4,95,23182,80,"W","17.004",44.5,"",10,FALSE,"Friday",TRUE,TRUE
16355399,"GGHB",160408,"04/08/2016 15:32:00","1182-Trfc Collision-No Inj","I80 W","Oakland",NA,NA,37.8639,-122.303034,4,1,6000,80,"W","5.59",10.9,"",16,TRUE,"Friday",TRUE,FALSE
16355400,"GGHB",160408,"04/08/2016 15:30:00","1182-Trfc Collision-No Inj","I80 W","Oakland FSP",NA,NA,37.8639,-122.303034,4,1,6000,80,"W","5.59",10.9,"",13,TRUE,"Friday",TRUE,FALSE
16355401,"GGHB",160408,"04/08/2016 15:29:00","1183-Trfc Collision-Unkn Inj","I80 W / I680 N I80 Con","Solano",NA,NA,38.217548,-122.136844,4,95,23182,80,"W","12.904",40.4,"",9,TRUE,"Friday",TRUE,FALSE
16355804,"GGHB",160408,"04/08/2016 17:59:00","1183-Trfc Collision-Unkn Inj","I80 W / Treasure Island Onr","San Francisco",NA,NA,37.808087,-122.367206,4,75,67000,80,"W","7.64",4.1,"",15,TRUE,"Friday",TRUE,TRUE
16355951,"GGHB",160408,"04/08/2016 19:25:00","1125-Traffic Hazard","I80 W / Travis Blvd Ofr","Solano",NA,NA,38.260645,-122.060625,4,95,23182,80,"W","18.104",45.6,"",3,FALSE,"Friday",TRUE,TRUE
16356192,"GGHB",160408,"04/08/2016 21:57:00","1183-Trfc Collision-Unkn Inj","I80 W / I580 E","Oakland",NA,NA,37.83312,-122.294587,4,1,22594,80,"W","3.39",8.7,"",50,TRUE,"Friday",TRUE,FALSE
16356264,"GGHB",160408,"04/08/2016 22:51:00","1125-Traffic Hazard","0 I80 W","San Francisco",NA,NA,37.810718,-122.364403,4,75,67000,80,"W","7.84",4.3,"",3,FALSE,"Friday",TRUE,FALSE
16356307,"GGHB",160408,"04/08/2016 23:21:00","1125-Traffic Hazard","I80 W / Yerba Buena Island Ofr","San Francisco",NA,NA,37.811091,-122.364007,4,75,67000,80,"W","7.94",4.4,"",2,FALSE,"Friday",TRUE,TRUE
16356349,"GGHB",160408,"04/08/2016 23:52:00","1183-Trfc Collision-Unkn Inj","I80 W Sr13 S Con / Sr13","Oakland",NA,NA,37.848706,-122.296379,4,1,22594,80,"W","4.49",9.8,"",7,TRUE,"Friday",TRUE,FALSE
16359973,"GGHB",160411,"04/11/2016 00:40:00","1125-Traffic Hazard","I80 W / Treasure Island Onr","San Francisco",NA,NA,37.808087,-122.367206,4,75,67000,80,"W","7.64",4.1,"",10,FALSE,"Monday",TRUE,TRUE
16360060,"GGHB",160411,"04/11/2016 04:45:00","1125-Traffic Hazard","I80 W / Mcbryde Ave Ofr","Oakland",NA,NA,37.952263,-122.327903,4,13,60620,80,"W","4.054",17.4,"",19,FALSE,"Monday",TRUE,TRUE
16360106,"GGHB",160411,"04/11/2016 05:43:00","1183-Trfc Collision-Unkn Inj","I80 W / Sr4 I80 W Con","Contra Costa",NA,NA,38.008424,-122.275602,4,13,33308,80,"W","9.454",22.8,"",63,TRUE,"Monday",TRUE,FALSE
16360111,"GGHB",160411,"04/11/2016 05:46:00","1183-Trfc Collision-Unkn Inj","I80 W / Sr4 I80 W Con","Contra Costa FSP",NA,NA,38.008424,-122.275602,4,13,33308,80,"W","9.454",22.8,"",26,TRUE,"Monday",TRUE,FALSE
16360122,"GGHB",160411,"04/11/2016 06:03:00","1182-Trfc Collision-No Inj","I80 W / Pinole Valley Rd Ofr","Contra Costa FSP",NA,NA,38.00178,-122.281783,4,13,NA,80,"W","8.854",22.2,"",0,TRUE,"Monday",TRUE,TRUE
16360123,"GGHB",160411,"04/11/2016 06:01:00","1182-Trfc Collision-No Inj","I80 W / Pinole Valley Rd Ofr","Contra Costa",NA,NA,38.00178,-122.281783,4,13,NA,80,"W","8.854",22.2,"",4,TRUE,"Monday",TRUE,TRUE
16360286,"GGHB",160411,"04/11/2016 07:33:00","1182-Trfc Collision-No Inj","I80 W / Pinole Valley Rd Onr","Contra Costa FSP",NA,NA,37.99537,-122.289589,4,13,57288,80,"W","8.254",21.6,"",52,TRUE,"Monday",TRUE,TRUE
16360352,"GGHB",160411,"04/11/2016 07:51:00","20002-Hit and Run No Injuries","I80 W / Tp","San Francisco",NA,NA,37.824289,-122.313853,4,1,53000,80,"W","1.99",7.3,"",44,FALSE,"Monday",TRUE,FALSE
16360450,"GGHB",160411,"04/11/2016 08:54:00","1125-Traffic Hazard","I80 W / Gilman St Ofr","Oakland FSP",NA,NA,37.881911,-122.308246,4,1,6000,80,"W","6.79",12.1,"",12,FALSE,"Monday",TRUE,TRUE
16360451,"GGHB",160411,"04/11/2016 08:53:00","1125-Traffic Hazard","I80 W / Gilman St Ofr","Oakland",NA,NA,37.881911,-122.308246,4,1,6000,80,"W","6.79",12.1,"",3,FALSE,"Monday",TRUE,TRUE
16360486,"GGHB",160411,"04/11/2016 09:06:00","1125-Traffic Hazard","I80 W / Merchant St Ofr","Solano",NA,NA,38.346683,-121.996627,4,95,81554,80,"W","R25.306",52.8,"",3,FALSE,"Monday",TRUE,TRUE
16360572,"GGHB",160411,"04/11/2016 09:54:00","1183-Trfc Collision-Unkn Inj","I80 W / Fremont St Ofr","San Francisco",NA,NA,37.78699,-122.389859,4,75,67000,80,"W","5.74",2.2,"",19,TRUE,"Monday",TRUE,TRUE
16360723,"GGHB",160411,"04/11/2016 11:35:00","1125-Traffic Hazard","I80 W / Appian Wy Ofr","Contra Costa",NA,NA,37.994255,-122.296122,4,13,57288,80,"W","7.954",21.3,"",64,FALSE,"Monday",TRUE,TRUE
16360864,"GGHB",160411,"04/11/2016 13:00:00","1179-Trfc Collision-1141 Enrt","I80 W / El Portal Dr Ofr","Oakland",NA,NA,37.970799,-122.320338,4,13,60620,80,"W","5.554",18.9,"",66,TRUE,"Monday",TRUE,TRUE
16360878,"GGHB",160411,"04/11/2016 13:09:00","1125-Traffic Hazard","I80 W / Hilltop Dr N Onr","Oakland",NA,NA,37.975686,-122.318684,4,13,60620,80,"W","5.954",19.3,"",3,FALSE,"Monday",TRUE,TRUE
16360935,"GGHB",160411,"04/11/2016 13:46:00","1125-Traffic Hazard","I80 W / San Pablo Ave Ofr","Oakland",NA,NA,37.940155,-122.324756,4,13,60620,80,"W","3.154",16.5,"",21,FALSE,"Monday",TRUE,TRUE
16360974,"GGHB",160411,"04/11/2016 14:07:00","1183-Trfc Collision-Unkn Inj","I80 W / Albany Ofr","Oakland",NA,NA,37.895221,-122.308233,4,1,674,80,"W","7.79",13.1,"",5,TRUE,"Monday",TRUE,TRUE
16361016,"GGHB",160411,"04/11/2016 14:27:00","1183-Trfc Collision-Unkn Inj","I80 W / Treasure Island Onr","San Francisco",NA,NA,37.808087,-122.367206,4,75,67000,80,"W","7.64",4.1,"",26,TRUE,"Monday",TRUE,TRUE
16361091,"GGHB",160411,"04/11/2016 14:53:00","1182-Trfc Collision-No Inj","I80 W / Scales","Solano",NA,NA,38.229722,-122.116944,4,95,NA,80,"W","14.304",41.8,"",19,TRUE,"Monday",TRUE,FALSE
16361133,"GGHB",160411,"04/11/2016 15:20:00","1125-Traffic Hazard","I80 W / Solano Ave Onr","Oakland FSP",NA,NA,37.94145,-122.324122,4,13,60620,80,"W","3.254",16.6,"",24,FALSE,"Monday",TRUE,TRUE
16361135,"GGHB",160411,"04/11/2016 15:18:00","1125-Traffic Hazard","I80 W / Solano Ave Onr","Oakland",NA,NA,37.94145,-122.324122,4,13,60620,80,"W","3.254",16.6,"",17,FALSE,"Monday",TRUE,TRUE
16361173,"GGHB",160411,"04/11/2016 15:33:00","1125-Traffic Hazard","I80 W / Willow Ave Onr","Contra Costa",NA,NA,38.020173,-122.264657,4,13,33308,80,"W","10.454",23.8,"",5,FALSE,"Monday",TRUE,TRUE
16361264,"GGHB",160411,"04/11/2016 16:18:00","1125-Traffic Hazard","I80 W / Redwood St Ofr","Solano FSP",NA,NA,38.125376,-122.228921,4,95,81666,80,"W","4.615",32.1,"",46,FALSE,"Monday",TRUE,TRUE
16361396,"GGHB",160411,"04/11/2016 17:07:00","1125-Traffic Hazard","I80 W / Hov Sfobb Toll Plaza Ofr","Oakland",NA,NA,37.824685,-122.312051,4,1,53000,80,"W","2.09",7.4,"",20,FALSE,"Monday",TRUE,TRUE
16361513,"GGHB",160411,"04/11/2016 17:54:00","1125-Traffic Hazard","I80 W / Treasure Island Onr","San Francisco",NA,NA,37.808087,-122.367206,4,75,67000,80,"W","7.64",4.1,"",16,FALSE,"Monday",TRUE,TRUE
16361737,"GGHB",160411,"04/11/2016 20:25:00","1125-Traffic Hazard","I80 W / Sr37 E I80 W Con","Solano",NA,NA,38.136448,-122.221884,4,95,81666,80,"W","5.415",32.9,"",NA,FALSE,"Monday",TRUE,FALSE
16361745,"GGHB",160411,"04/11/2016 20:30:00","1179-Trfc Collision-1141 Enrt","I80 W / Georgia St Ofr","Solano",NA,NA,38.101745,-122.22981,4,95,81666,80,"W","2.915",30.4,"",39,TRUE,"Monday",TRUE,TRUE
16362305,"GGHB",160412,"04/12/2016 08:03:00","1182-Trfc Collision-No Inj","I80 W / Sfobb Toll Plaza Ofr","Oakland",NA,NA,37.825388,-122.304799,4,1,53000,80,"W","2.49",7.8,"",18,TRUE,"Tuesday",TRUE,TRUE
16362306,"GGHB",160412,"04/12/2016 08:02:00","1179-Trfc Collision-1141 Enrt","I80 W / Powell St E Onr","GGFSP",NA,NA,37.830511,-122.294033,4,1,53000,80,"W","3.29",8.6,"",1,TRUE,"Tuesday",TRUE,TRUE
16362381,"GGHB",160412,"04/12/2016 08:43:00","1125-Traffic Hazard","I80 W / American Canyon Rd Ofr","Solano",NA,NA,38.171871,-122.196759,4,95,NA,80,"W","8.315",35.8,"",39,FALSE,"Tuesday",TRUE,TRUE
16362394,"GGHB",160412,"04/12/2016 08:44:00","1125-Traffic Hazard","I80 W / American Canyon Rd Ofr","Solano FSP",NA,NA,38.171871,-122.196759,4,95,NA,80,"W","8.315",35.8,"",4,FALSE,"Tuesday",TRUE,TRUE
16362410,"GGHB",160412,"04/12/2016 08:55:00","1125-Traffic Hazard","I80 W / Carlson Blvd Ofr","Oakland FSP",NA,NA,37.914584,-122.317505,4,13,60620,80,"W","1.254",14.6,"",1,FALSE,"Tuesday",TRUE,TRUE
16362451,"GGHB",160412,"04/12/2016 09:27:00","1183-Trfc Collision-Unkn Inj","I80 W / Mason St Ofr","Solano",NA,NA,38.354411,-121.97866,4,95,81554,80,"W","R26.406",53.9,"",3,TRUE,"Tuesday",TRUE,TRUE
16362530,"GGHB",160412,"04/12/2016 10:26:00","1125-Traffic Hazard","I80 W / Tp","Oakland",NA,NA,37.824289,-122.313853,4,1,53000,80,"W","1.99",7.3,"",23,FALSE,"Tuesday",TRUE,FALSE
16362562,"GGHB",160412,"04/12/2016 10:47:00","1125-Traffic Hazard","Pomona St Onr / I80 W","Solano",NA,NA,38.051564,-122.229486,4,13,NA,80,"W","13.354",26.7,"",21,FALSE,"Tuesday",TRUE,TRUE
16362634,"GGHB",160412,"04/12/2016 11:54:00","1125-Traffic Hazard","I80 W / Central Ave Ofr","Oakland",NA,NA,37.903864,-122.312909,4,13,60620,80,"W","0.454",13.8,"",4,FALSE,"Tuesday",TRUE,TRUE
16362642,"GGHB",160412,"04/12/2016 12:01:00","1125-Traffic Hazard","I80 W / Powell St E Onr","Oakland",NA,NA,37.830511,-122.294033,4,1,53000,80,"W","3.29",8.6,"",18,FALSE,"Tuesday",TRUE,TRUE
16362653,"GGHB",160412,"04/12/2016 12:10:00","1125-Traffic Hazard","I80 W / Hercules Ofr","Contra Costa",NA,NA,38.018484,-122.266235,4,13,33308,80,"W","10.354",23.7,"",73,FALSE,"Tuesday",TRUE,TRUE
16362665,"GGHB",160412,"04/12/2016 12:21:00","1125-Traffic Hazard","I80 W / San Pablo Ave Ofr","Oakland",NA,NA,37.940155,-122.324756,4,13,60620,80,"W","3.154",16.5,"",28,FALSE,"Tuesday",TRUE,TRUE
16362721,"GGHB",160412,"04/12/2016 13:12:00","1125-Traffic Hazard","I80 W / Sr12 W","Solano",NA,NA,38.236859,-122.099661,4,95,NA,80,"W","15.304",42.8,"",1,FALSE,"Tuesday",TRUE,FALSE
16362769,"GGHB",160412,"04/12/2016 13:35:00","20002-Hit and Run No Injuries","I80 W / Redwood St Ofr","Solano",NA,NA,38.125376,-122.228921,4,95,81666,80,"W","4.615",32.1,"",35,FALSE,"Tuesday",TRUE,TRUE
16362943,"GGHB",160412,"04/12/2016 15:09:00","1125-Traffic Hazard","I80 W / Powell St Ofr","Oakland",NA,NA,37.842598,-122.297583,4,1,22594,80,"W","4.09",9.4,"",10,FALSE,"Tuesday",TRUE,TRUE
16363051,"GGHB",160412,"04/12/2016 15:52:00","1179-Trfc Collision-1141 Enrt","I80 W / I80 W Sr113 Con","Solano",NA,NA,38.52944,-121.755176,4,95,NA,80,"W","R43.62",71.1,"",36,TRUE,"Tuesday",TRUE,FALSE
16363091,"GGHB",160412,"04/12/2016 16:06:00","1183-Trfc Collision-Unkn Inj","I80 W SR113 CON / I80 W SR113 N CON","Solano",NA,NA,38.526744,-121.76288,4,95,NA,80,"W","R43.12",70.6,"",NA,TRUE,"Tuesday",TRUE,FALSE
16363105,"GGHB",160412,"04/12/2016 16:11:00","1183-Trfc Collision-Unkn Inj","I80 W / Ashby Ofr - Gore Pt","Oakland FSP",NA,NA,37.850978,-122.299583,4,1,6000,80,"W","4.69",10,"",10,TRUE,"Tuesday",TRUE,TRUE
16363106,"GGHB",160412,"04/12/2016 16:10:00","1183-Trfc Collision-Unkn Inj","I80 W / Ashby Ofr - Gore Pt","Oakland",NA,NA,37.850978,-122.299583,4,1,6000,80,"W","4.69",10,"",42,TRUE,"Tuesday",TRUE,TRUE
16363262,"GGHB",160412,"04/12/2016 17:17:00","1125-Traffic Hazard","I80 W / Waterman Blvd Ofr","Solano",NA,NA,38.276293,-122.047378,4,95,23182,80,"W","19.404",46.9,"",4,FALSE,"Tuesday",TRUE,TRUE
16363401,"GGHB",160412,"04/12/2016 18:12:00","20002-Hit and Run No Injuries","I80 W / Barrett Ave Onr","Oakland",NA,NA,37.93162,-122.325372,4,13,60620,80,"W","2.554",15.9,"",NA,FALSE,"Tuesday",TRUE,TRUE
16363465,"GGHB",160412,"04/12/2016 18:46:00","1125-Traffic Hazard","I80 W / Red Top Rd Ofr","Solano",NA,NA,38.20397,-122.155046,4,95,23182,80,"W","R11.515",39,"",2,FALSE,"Tuesday",TRUE,TRUE
16363475,"GGHB",160412,"04/12/2016 18:50:00","1125-Traffic Hazard","I80 W / Maritime St Ofr","Oakland",NA,NA,37.825643,-122.304094,4,1,53000,80,"W","2.59",7.9,"",55,FALSE,"Tuesday",TRUE,TRUE
16363492,"GGHB",160412,"04/12/2016 19:01:00","1125A-Animal Hazard","I80 W / Merchant St Ofr","Solano",NA,NA,38.346683,-121.996627,4,95,81554,80,"W","R25.306",52.8,"",43,FALSE,"Tuesday",TRUE,TRUE
16363512,"GGHB",160412,"04/12/2016 19:13:00","1125-Traffic Hazard","I80 W / TRAVIS BLVD ONR","Solano",NA,NA,38.256442,-122.064161,4,95,23182,80,"W","17.704",45.2,"",0,FALSE,"Tuesday",TRUE,TRUE
16363616,"GGHB",160412,"04/12/2016 20:24:00","1183-Trfc Collision-Unkn Inj","I80 W / Yerba Buena Island Ofr","San Francisco",NA,NA,37.811091,-122.364007,4,75,67000,80,"W","7.94",4.4,"",45,TRUE,"Tuesday",TRUE,TRUE
16363640,"GGHB",160412,"04/12/2016 20:38:00","1125-Traffic Hazard","I80 W / Currey Rd Ofr","Solano",NA,NA,38.476193,-121.819861,4,95,NA,80,"W","38.52",66,"",30,FALSE,"Tuesday",TRUE,TRUE
16363649,"GGHB",160412,"04/12/2016 20:45:00","1125-Traffic Hazard","I80 W / Treasure Island Onr","San Francisco",NA,NA,37.808087,-122.367206,4,75,67000,80,"W","7.64",4.1,"",2,FALSE,"Tuesday",TRUE,TRUE
16363661,"GGHB",160412,"04/12/2016 20:55:00","20002-Hit and Run No Injuries","I80 W / Travis Blvd Ofr","Solano",NA,NA,38.260645,-122.060625,4,95,23182,80,"W","18.104",45.6,"",2,FALSE,"Tuesday",TRUE,TRUE
16363757,"GGHB",160412,"04/12/2016 22:29:00","1125-Traffic Hazard","0 I80 W","Oakland",NA,NA,37.827012,-122.297426,4,1,53000,80,"W","2.89",8.2,"",130,FALSE,"Tuesday",TRUE,FALSE
16363999,"GGHB",160413,"04/13/2016 06:08:00","1182-Trfc Collision-No Inj","I80 W / GILMAN ST OFR","Oakland",NA,NA,37.881911,-122.308246,4,1,6000,80,"W","6.79",12.1,"",21,TRUE,"Wednesday",TRUE,TRUE
16364000,"GGHB",160413,"04/13/2016 06:07:00","1182-Trfc Collision-No Inj","I80 W / GILMAN ST OFR","Oakland FSP",NA,NA,37.881911,-122.308246,4,1,6000,80,"W","6.79",12.1,"",22,TRUE,"Wednesday",TRUE,TRUE
16364093,"GGHB",160413,"04/13/2016 07:12:00","1125-Traffic Hazard","I80 W / Gilman St Onr","Oakland FSP",NA,NA,37.872998,-122.305833,4,1,6000,80,"W","6.29",11.6,"",14,FALSE,"Wednesday",TRUE,TRUE
16364094,"GGHB",160413,"04/13/2016 07:09:00","1125-Traffic Hazard","I80 W / Gilman St Onr","Oakland",NA,NA,37.872998,-122.305833,4,1,6000,80,"W","6.29",11.6,"",25,FALSE,"Wednesday",TRUE,TRUE
16364162,"GGHB",160413,"04/13/2016 07:39:00","1125-Traffic Hazard","0 I80 W","San Francisco",NA,NA,37.823813,-122.318676,4,1,53000,80,"W","1.69",7,"",36,FALSE,"Wednesday",TRUE,FALSE
16364248,"GGHB",160413,"04/13/2016 08:20:00","1182-Trfc Collision-No Inj","I80 W / APPIAN WY OFR","Contra Costa",NA,NA,37.994255,-122.296122,4,13,57288,80,"W","7.954",21.3,"",18,TRUE,"Wednesday",TRUE,TRUE
16364249,"GGHB",160413,"04/13/2016 08:19:00","1125A-Animal Hazard","I80 W / I880 N","Oakland",NA,NA,37.825553,-122.308672,4,1,53000,80,"W","2.29",7.6,"",3,FALSE,"Wednesday",TRUE,FALSE
16364375,"GGHB",160413,"04/13/2016 09:20:00","1182-Trfc Collision-No Inj","I80 W / Sfobb Toll Plaza Ofr","Oakland",NA,NA,37.825388,-122.304799,4,1,53000,80,"W","2.49",7.8,"",14,TRUE,"Wednesday",TRUE,TRUE
16364487,"GGHB",160413,"04/13/2016 10:27:00","1183-Trfc Collision-Unkn Inj","I80 W / TREASURE ISLAND ONR","San Francisco",NA,NA,37.808087,-122.367206,4,75,67000,80,"W","7.64",4.1,"",109,TRUE,"Wednesday",TRUE,TRUE
16364597,"GGHB",160413,"04/13/2016 11:47:00","1183-Trfc Collision-Unkn Inj","I80 W / American Canyon Rd Ofr","Solano",NA,NA,38.171871,-122.196759,4,95,NA,80,"W","8.315",35.8,"",31,TRUE,"Wednesday",TRUE,TRUE
16364605,"GGHB",160413,"04/13/2016 11:42:00","1179-Trfc Collision-1141 Enrt","I80 W / Powell St Ofr","Oakland",NA,NA,37.842598,-122.297583,4,1,22594,80,"W","4.09",9.4,"",55,TRUE,"Wednesday",TRUE,TRUE
16364748,"GGHB",160413,"04/13/2016 13:10:00","1125-Traffic Hazard","I80 W / Scales","Solano",NA,NA,38.229722,-122.116944,4,95,NA,80,"W","14.304",41.8,"",9,FALSE,"Wednesday",TRUE,FALSE
16364760,"GGHB",160413,"04/13/2016 13:12:00","FIRE-Report of Fire","I80 W / Pomona St Onr","Contra Costa",NA,NA,38.051564,-122.229486,4,13,NA,80,"W","13.354",26.7,"",27,FALSE,"Wednesday",TRUE,TRUE
16364804,"GGHB",160413,"04/13/2016 13:47:00","1125-Traffic Hazard","I80 W / Treasure Island Onr","San Francisco",NA,NA,37.808087,-122.367206,4,75,67000,80,"W","7.64",4.1,"",3,FALSE,"Wednesday",TRUE,TRUE
16364815,"GGHB",160413,"04/13/2016 13:51:00","1182-Trfc Collision-No Inj","I80 W / Treasure Island Onr","San Francisco",NA,NA,37.808087,-122.367206,4,75,67000,80,"W","7.64",4.1,"",23,TRUE,"Wednesday",TRUE,TRUE
16364948,"GGHB",160413,"04/13/2016 15:05:00","1125-Traffic Hazard","I80 W / Tp","San Francisco",NA,NA,37.824289,-122.313853,4,1,53000,80,"W","1.99",7.3,"",3,FALSE,"Wednesday",TRUE,FALSE
16364958,"GGHB",160413,"04/13/2016 15:13:00","1125-Traffic Hazard","I80 W / Cutting Blvd Ofr","Oakland",NA,NA,37.927978,-122.32287,4,13,60620,80,"W","2.254",15.6,"",14,FALSE,"Wednesday",TRUE,TRUE
16365802,"GGHB",160413,"04/13/2016 23:08:00","1183-Trfc Collision-Unkn Inj","I80 W / Powell St Onr - Rev Gore Pt","Oakland",NA,NA,37.838397,-122.296808,4,1,22594,80,"W","3.79",9.1,"",21,TRUE,"Wednesday",TRUE,TRUE
16366121,"GGHB",160414,"04/14/2016 07:00:00","1125-Traffic Hazard","I80 W / Leisure Town Rd Ofr","Solano FSP",NA,NA,38.392496,-121.928489,4,95,81554,80,"W","30.22",57.7,"",21,FALSE,"Thursday",TRUE,TRUE
16366122,"GGHB",160414,"04/14/2016 06:59:00","1125-Traffic Hazard","I80 W / Leisure Town Rd Ofr","Solano",NA,NA,38.392496,-121.928489,4,95,81554,80,"W","30.22",57.7,"",16,FALSE,"Thursday",TRUE,TRUE
16366196,"GGHB",160414,"04/14/2016 07:35:00","1125A-Animal Hazard","I80 W / American Canyon Rd Ofr","Solano",NA,NA,38.171871,-122.196759,4,95,NA,80,"W","8.315",35.8,"",6,FALSE,"Thursday",TRUE,TRUE
16366214,"GGHB",160414,"04/14/2016 07:48:00","1182-Trfc Collision-No Inj","I80 W / Neitzel Rd Ofr","Solano FSP",NA,NA,38.224489,-122.126528,4,95,23182,80,"W","13.604",41.1,"",37,TRUE,"Thursday",TRUE,TRUE
16366217,"GGHB",160414,"04/14/2016 07:44:00","1182-Trfc Collision-No Inj","I80 W / Neitzel Rd Ofr","Solano",NA,NA,38.224489,-122.126528,4,95,23182,80,"W","13.604",41.1,"",16,TRUE,"Thursday",TRUE,TRUE
16366252,"GGHB",160414,"04/14/2016 07:54:00","1125-Traffic Hazard","I80 W / Fourth St Onr","San Francisco",NA,NA,37.778062,-122.401983,4,75,67000,80,"W","4.788",1.3,"",50,FALSE,"Thursday",TRUE,TRUE
16366336,"GGHB",160414,"04/14/2016 08:39:00","SPILL-Spilled Material Inc","I80 W / Mason St Ofr","Solano",NA,NA,38.354411,-121.97866,4,95,81554,80,"W","R26.406",53.9,"",478,FALSE,"Thursday",TRUE,TRUE
16366353,"GGHB",160414,"04/14/2016 08:52:00","1125-Traffic Hazard","I80 W / Carlson Blvd Ofr","Oakland",NA,NA,37.914584,-122.317505,4,13,60620,80,"W","1.254",14.6,"",18,FALSE,"Thursday",TRUE,TRUE
16366367,"GGHB",160414,"04/14/2016 08:55:00","1182-Trfc Collision-No Inj","I80 W / Central Ave Ofr","Oakland FSP",NA,NA,37.903864,-122.312909,4,13,60620,80,"W","0.454",13.8,"",13,TRUE,"Thursday",TRUE,TRUE
16366380,"GGHB",160414,"04/14/2016 09:01:00","1125-Traffic Hazard","I80 W / Treasure Island Onr","San Francisco",NA,NA,37.808087,-122.367206,4,75,67000,80,"W","7.64",4.1,"",1,FALSE,"Thursday",TRUE,TRUE
16366408,"GGHB",160414,"04/14/2016 09:15:00","1125-Traffic Hazard","I80 W / POWELL ST E ONR","Oakland",NA,NA,37.830511,-122.294033,4,1,53000,80,"W","3.29",8.6,"",0,FALSE,"Thursday",TRUE,TRUE
16366569,"GGHB",160414,"04/14/2016 10:51:00","20002-Hit and Run No Injuries","0 I80 W","Oakland",NA,NA,37.827574,-122.296142,4,1,53000,80,"W","2.99",8.3,"",8,FALSE,"Thursday",TRUE,FALSE
16366663,"GGHB",160414,"04/14/2016 12:03:00","1179-Trfc Collision-1141 Enrt","I80 W / N Meridian Rd Ofr","Solano",NA,NA,38.404904,-121.91246,4,95,81554,80,"W","31.52",59,"",84,TRUE,"Thursday",TRUE,TRUE
16366664,"GGHB",160414,"04/14/2016 12:02:00","20002-Hit and Run No Injuries","I80 W / Red Top Rd Onr","Solano",NA,NA,38.199049,-122.160692,4,95,23182,80,"W","R11.115",38.6,"",7,FALSE,"Thursday",TRUE,TRUE
16366686,"GGHB",160414,"04/14/2016 12:12:00","1125-Traffic Hazard","I80 W / Central Ave Onr","Oakland",NA,NA,37.898581,-122.309609,4,13,60620,80,"W","0.054",13.4,"",NA,FALSE,"Thursday",TRUE,TRUE
16366707,"GGHB",160414,"04/14/2016 12:27:00","1183-Trfc Collision-Unkn Inj","I80 W / Powell St E Onr","GGFSP",NA,NA,37.830511,-122.294033,4,1,53000,80,"W","3.29",8.6,"",10,TRUE,"Thursday",TRUE,TRUE
16366708,"GGHB",160414,"04/14/2016 12:25:00","1183-Trfc Collision-Unkn Inj","I80 W / Powell St E Onr","Oakland",NA,NA,37.830511,-122.294033,4,1,53000,80,"W","3.29",8.6,"",81,TRUE,"Thursday",TRUE,TRUE
16366730,"GGHB",160414,"04/14/2016 12:32:00","20002-Hit and Run No Injuries","I80 W / Ashby Ofr - Gore Pt","Oakland",NA,NA,37.850978,-122.299583,4,1,6000,80,"W","4.69",10,"",2,FALSE,"Thursday",TRUE,TRUE
16366812,"GGHB",160414,"04/14/2016 13:22:00","1125-Traffic Hazard","I80 W / Powell St W Onr","Oakland",NA,NA,37.837998,-122.296702,4,1,22594,80,"W","3.79",9.1,"",163,FALSE,"Thursday",TRUE,TRUE
16366821,"GGHB",160414,"04/14/2016 13:25:00","1125-Traffic Hazard","I80 W / Powell St W Onr","Oakland FSP",NA,NA,37.837998,-122.296702,4,1,22594,80,"W","3.79",9.1,"",1,FALSE,"Thursday",TRUE,TRUE
16367042,"GGHB",160414,"04/14/2016 15:09:00","1125-Traffic Hazard","I80 W / Neitzel Rd Ofr","Solano",NA,NA,38.224489,-122.126528,4,95,23182,80,"W","13.604",41.1,"",14,FALSE,"Thursday",TRUE,TRUE
16367061,"GGHB",160414,"04/14/2016 15:22:00","1125-Traffic Hazard","I80 W / Red Top Rd Ofr","Solano",NA,NA,38.20397,-122.155046,4,95,23182,80,"W","R11.515",39,"",102,FALSE,"Thursday",TRUE,TRUE
16367128,"GGHB",160414,"04/14/2016 15:49:00","1125-Traffic Hazard","I80 W / Redwood St Onr","Solano",NA,NA,38.12055,-122.230475,4,95,81666,80,"W","4.215",31.7,"",4,FALSE,"Thursday",TRUE,TRUE
16367153,"GGHB",160414,"04/14/2016 16:04:00","1125-Traffic Hazard","I80 W / I80 W Sr12 Con","Solano FSP",NA,NA,38.210498,-122.147019,4,95,23182,80,"W","12.204",39.7,"",57,FALSE,"Thursday",TRUE,FALSE
16367213,"GGHB",160414,"04/14/2016 16:19:00","1182-Trfc Collision-No Inj","I80 W / Buchanan St Onr","Oakland",NA,NA,37.883528,-122.308627,4,1,6000,80,"W","6.89",12.2,"",33,TRUE,"Thursday",TRUE,TRUE
16367312,"GGHB",160414,"04/14/2016 17:02:00","1125-Traffic Hazard","I80 W / Treasure Island Onr","San Francisco",NA,NA,37.808087,-122.367206,4,75,67000,80,"W","7.64",4.1,"",4,FALSE,"Thursday",TRUE,TRUE
16367480,"GGHB",160414,"04/14/2016 18:15:00","1125-Traffic Hazard","I80 W / Redwood St Ofr","Solano",NA,NA,38.125376,-122.228921,4,95,81666,80,"W","4.615",32.1,"",11,FALSE,"Thursday",TRUE,TRUE
16367547,"GGHB",160414,"04/14/2016 18:51:00","1125-Traffic Hazard","I80 W / Treasure Island Onr","San Francisco",NA,NA,37.808087,-122.367206,4,75,67000,80,"W","7.64",4.1,"",26,FALSE,"Thursday",TRUE,TRUE
16367570,"GGHB",160414,"04/14/2016 19:06:00","BREAK-Traffic Break","I80 W / Green Valley Rd Onr","Solano",NA,NA,38.213836,-122.142185,4,95,23182,80,"W","12.504",40,"",0,FALSE,"Thursday",TRUE,TRUE
16367822,"GGHB",160414,"04/14/2016 21:59:00","1183-Trfc Collision-Unkn Inj","I80 W / Treasure Island Onr","San Francisco",NA,NA,37.808087,-122.367206,4,75,67000,80,"W","7.64",4.1,"",15,TRUE,"Thursday",TRUE,TRUE
16367826,"GGHB",160414,"04/14/2016 22:09:00","CZP-Assist with Construction","I80 W / San Pablo Dam Rd Ofr","Oakland",NA,NA,37.959772,-122.330645,4,13,68294,80,"W","4.554",17.9,"",126,FALSE,"Thursday",TRUE,TRUE
16367942,"GGHB",160415,"04/15/2016 00:14:00","20002-Hit and Run No Injuries","I80 W / San Pablo Dam Rd Ofr","Oakland",NA,NA,37.959772,-122.330645,4,13,68294,80,"W","4.554",17.9,"",1,FALSE,"Friday",TRUE,TRUE
16367957,"GGHB",160415,"04/15/2016 00:46:00","1125A-Animal Hazard","I80 W / Tennessee St Onr","Solano",NA,NA,38.107197,-122.229754,4,95,81666,80,"W","3.315",30.8,"",2,FALSE,"Friday",TRUE,TRUE
16367985,"GGHB",160415,"04/15/2016 01:57:00","1183-Trfc Collision-Unkn Inj","I80 W / Hunter Hill Safety Rest Area Ofr","Solano",NA,NA,38.155909,-122.214243,4,95,NA,80,"W","6.915",34.4,"",52,TRUE,"Friday",TRUE,TRUE
16368296,"GGHB",160415,"04/15/2016 07:36:00","1125-Traffic Hazard","I80 W","Solano",NA,NA,38.342267,-122.009256,4,95,NA,80,"W","24.606",52.1,"",19,FALSE,"Friday",TRUE,FALSE
16368796,"GGHB",160415,"04/15/2016 11:51:00","1125-Traffic Hazard","I80 W / Appian Wy Ofr","Contra Costa",NA,NA,37.994255,-122.296122,4,13,57288,80,"W","7.954",21.3,"",10,FALSE,"Friday",TRUE,TRUE
16368912,"GGHB",160415,"04/15/2016 12:57:00","1125-Traffic Hazard","I80 W / Sr37 E I80 W Con","Solano",NA,NA,38.136448,-122.221884,4,95,81666,80,"W","5.415",32.9,"",17,FALSE,"Friday",TRUE,FALSE
16368913,"GGHB",160415,"04/15/2016 12:56:00","1125-Traffic Hazard","I80 W / Treasure Island Onr","San Francisco",NA,NA,37.808087,-122.367206,4,75,67000,80,"W","7.64",4.1,"",1,FALSE,"Friday",TRUE,TRUE
16368939,"GGHB",160415,"04/15/2016 13:04:00","1182-Trfc Collision-No Inj","GILMAN ST OFR / I80 W","Oakland",NA,NA,37.881911,-122.308246,4,1,6000,80,"W","6.79",12.1,"",4,TRUE,"Friday",TRUE,TRUE
16369030,"GGHB",160415,"04/15/2016 13:51:00","20002-Hit and Run No Injuries","I80 W / Gilman St Ofr","Oakland",NA,NA,37.881911,-122.308246,4,1,6000,80,"W","6.79",12.1,"",5,FALSE,"Friday",TRUE,TRUE
16369118,"GGHB",160415,"04/15/2016 14:31:00","1125-Traffic Hazard","I80 W / San Pablo Dam Rd Onr","Oakland",NA,NA,37.953792,-122.328714,4,13,60620,80,"W","4.154",17.5,"",32,FALSE,"Friday",TRUE,TRUE
16369147,"GGHB",160415,"04/15/2016 14:48:00","1125-Traffic Hazard","I80 W / Powell St Ofr","Oakland",NA,NA,37.842598,-122.297583,4,1,22594,80,"W","4.09",9.4,"",67,FALSE,"Friday",TRUE,TRUE
16369165,"GGHB",160415,"04/15/2016 14:50:00","1125-Traffic Hazard","I80 W / Powell St Ofr","Oakland FSP",NA,NA,37.842598,-122.297583,4,1,22594,80,"W","4.09",9.4,"",26,FALSE,"Friday",TRUE,TRUE
16369195,"GGHB",160415,"04/15/2016 15:02:00","1125-Traffic Hazard","I80 W / Treasure Island Onr","San Francisco",NA,NA,37.808087,-122.367206,4,75,67000,80,"W","7.64",4.1,"",4,FALSE,"Friday",TRUE,TRUE
16369318,"GGHB",160415,"04/15/2016 15:48:00","1182-Trfc Collision-No Inj","I80 W / Albany Ofr","Oakland FSP",NA,NA,37.895221,-122.308233,4,1,674,80,"W","7.79",13.1,"",3,TRUE,"Friday",TRUE,TRUE
16369550,"GGHB",160415,"04/15/2016 17:03:00","1183-Trfc Collision-Unkn Inj","I80 W / Ashby Ofr - Gore Pt","Oakland",NA,NA,37.850978,-122.299583,4,1,6000,80,"W","4.69",10,"",20,TRUE,"Friday",TRUE,TRUE
16369890,"GGHB",160415,"04/15/2016 19:56:00","1125-Traffic Hazard","I80 W / Harrison St Ofr","San Francisco",NA,NA,37.784877,-122.39266,4,75,67000,80,"W","5.54",2,"",12,FALSE,"Friday",TRUE,TRUE
16370187,"GGHB",160415,"04/15/2016 23:32:00","1183-Trfc Collision-Unkn Inj","I80 W / Leisure Town Rd Ofr","Solano",NA,NA,38.392496,-121.928489,4,95,81554,80,"W","30.22",57.7,"",2,TRUE,"Friday",TRUE,TRUE
16373893,"GGHB",160418,"04/18/2016 01:03:00","1125-Traffic Hazard","I80 W / Treasure Island Onr","San Francisco",NA,NA,37.808087,-122.367206,4,75,67000,80,"W","7.64",4.1,"",39,FALSE,"Monday",TRUE,TRUE
16374043,"GGHB",160418,"04/18/2016 05:53:00","1125-Traffic Hazard","I80 W / I80 W I680 Con","Solano",NA,NA,38.220663,-122.132285,4,95,23182,80,"W","13.204",40.7,"",9,FALSE,"Monday",TRUE,FALSE
16374053,"GGHB",160418,"04/18/2016 06:09:00","1182-Trfc Collision-No Inj","I80 W / Hercules Ofr","Contra Costa FSP",NA,NA,38.018484,-122.266235,4,13,33308,80,"W","10.354",23.7,"",106,TRUE,"Monday",TRUE,TRUE
16374054,"GGHB",160418,"04/18/2016 06:08:00","1182-Trfc Collision-No Inj","I80 W / Pinole Valley Rd Ofr","Contra Costa",NA,NA,38.00178,-122.281783,4,13,NA,80,"W","8.854",22.2,"",1,TRUE,"Monday",TRUE,TRUE
16374072,"GGHB",160418,"04/18/2016 06:16:00","1183-Trfc Collision-Unkn Inj","I80 W / Hercules Ofr","Contra Costa",NA,NA,38.018484,-122.266235,4,13,33308,80,"W","10.354",23.7,"",2,TRUE,"Monday",TRUE,TRUE
16374102,"GGHB",160418,"04/18/2016 06:40:00","1125-Traffic Hazard","I80 W / Richmond Pkwy Ofr","Oakland",NA,NA,37.989215,-122.312635,4,13,57288,80,"W","6.954",20.3,"",94,FALSE,"Monday",TRUE,TRUE
16374148,"GGHB",160418,"04/18/2016 07:08:00","1125-Traffic Hazard","I80 W / Richmond Pkwy Ofr","Oakland FSP",NA,NA,37.989215,-122.312635,4,13,57288,80,"W","6.954",20.3,"",54,FALSE,"Monday",TRUE,TRUE
16374159,"GGHB",160418,"04/18/2016 07:12:00","1125-Traffic Hazard","I80 W / Hilltop Dr Ofr","Oakland FSP",NA,NA,37.979573,-122.317375,4,13,60620,80,"W","6.254",19.6,"",29,FALSE,"Monday",TRUE,TRUE
16374227,"GGHB",160418,"04/18/2016 07:41:00","20002-Hit and Run No Injuries","I80 W / I80 W SR13 S CON","Oakland",NA,NA,37.852533,-122.29986,4,1,6000,80,"W","4.79",10.1,"",18,FALSE,"Monday",TRUE,FALSE
16374230,"GGHB",160418,"04/18/2016 07:34:00","20002-Hit and Run No Injuries","I80 W / I80 W SR13 S CON","Oakland FSP",NA,NA,37.852533,-122.29986,4,1,6000,80,"W","4.79",10.1,"",7,FALSE,"Monday",TRUE,FALSE
16374335,"GGHB",160418,"04/18/2016 08:18:00","1182-Trfc Collision-No Inj","I80 W / Gilman St Ofr","Oakland",NA,NA,37.881911,-122.308246,4,1,6000,80,"W","6.79",12.1,"",26,TRUE,"Monday",TRUE,TRUE
16374344,"GGHB",160418,"04/18/2016 08:27:00","20002-Hit and Run No Injuries","I80 W / I780 W I80 W Con","Solano FSP",NA,NA,38.09164,-122.230478,4,95,NA,80,"W","2.215",29.7,"",5,FALSE,"Monday",TRUE,FALSE
16374415,"GGHB",160418,"04/18/2016 08:54:00","20002-Hit and Run No Injuries","I80 W / San Pablo Dam Rd Ofr","Oakland FSP",NA,NA,37.959772,-122.330645,4,13,68294,80,"W","4.554",17.9,"",6,FALSE,"Monday",TRUE,TRUE
16374456,"GGHB",160418,"04/18/2016 09:17:00","1182-Trfc Collision-No Inj","I80 W / University Ave Ofr","Oakland",NA,NA,37.869523,-122.304749,4,1,6000,80,"W","5.99",11.3,"",0,TRUE,"Monday",TRUE,TRUE
16374554,"GGHB",160418,"04/18/2016 10:13:00","1125-Traffic Hazard","I80 W / Gilman St Ofr","Oakland",NA,NA,37.881911,-122.308246,4,1,6000,80,"W","6.79",12.1,"",1,FALSE,"Monday",TRUE,TRUE
16374712,"GGHB",160418,"04/18/2016 11:57:00","1125-Traffic Hazard","I80 W / Scales","Solano",NA,NA,38.229722,-122.116944,4,95,NA,80,"W","14.304",41.8,"",16,FALSE,"Monday",TRUE,FALSE
16374807,"GGHB",160418,"04/18/2016 12:46:00","1125-Traffic Hazard","I80 W / N Meridian Rd Ofr","Solano",NA,NA,38.404904,-121.91246,4,95,81554,80,"W","31.52",59,"",6,FALSE,"Monday",TRUE,TRUE
16374923,"GGHB",160418,"04/18/2016 13:46:00","1125-Traffic Hazard","I80 W / Tp","Oakland",NA,NA,37.824289,-122.313853,4,1,53000,80,"W","1.99",7.3,"",5,FALSE,"Monday",TRUE,FALSE
16375027,"GGHB",160418,"04/18/2016 14:36:00","1182-Trfc Collision-No Inj","I80 W / Powell St Ofr","Oakland",NA,NA,37.842598,-122.297583,4,1,22594,80,"W","4.09",9.4,"",15,TRUE,"Monday",TRUE,TRUE
16375157,"GGHB",160418,"04/18/2016 15:29:00","1182-Trfc Collision-No Inj","I80 W / Maritime St Ofr","GGFSP",NA,NA,37.825643,-122.304094,4,1,53000,80,"W","2.59",7.9,"",-4,TRUE,"Monday",TRUE,TRUE
16375260,"GGHB",160418,"04/18/2016 16:06:00","1125-Traffic Hazard","I80 W / Dixon Ave Ofr","Solano",NA,NA,38.44804,-121.856036,4,95,NA,80,"W","35.72",63.2,"",47,FALSE,"Monday",TRUE,TRUE
16375314,"GGHB",160418,"04/18/2016 16:26:00","1125-Traffic Hazard","I80 W / TREASURE ISLAND ONR","San Francisco",NA,NA,37.808087,-122.367206,4,75,67000,80,"W","7.64",4.1,"",95,FALSE,"Monday",TRUE,TRUE
16375343,"GGHB",160418,"04/18/2016 16:31:00","1182-Trfc Collision-No Inj","I80 W / Green Valley Rd Onr","Solano",NA,NA,38.213836,-122.142185,4,95,23182,80,"W","12.504",40,"",16,TRUE,"Monday",TRUE,TRUE
16375468,"GGHB",160418,"04/18/2016 17:29:00","1125-Traffic Hazard","I80 W / Appian Wy Ofr","Contra Costa",NA,NA,37.994255,-122.296122,4,13,57288,80,"W","7.954",21.3,"",0,FALSE,"Monday",TRUE,TRUE
16375496,"GGHB",160418,"04/18/2016 17:42:00","1125-Traffic Hazard","0 I80 W","San Francisco",NA,NA,37.778321,-122.401636,4,75,67000,80,"W","4.788",1.3,"",53,FALSE,"Monday",TRUE,FALSE
16375522,"GGHB",160418,"04/18/2016 17:52:00","1125-Traffic Hazard","Sr4 I80 W Con / I80 W","Contra Costa",NA,NA,38.008424,-122.275602,4,13,33308,80,"W","9.454",22.8,"",62,FALSE,"Monday",TRUE,FALSE
16375826,"GGHB",160418,"04/18/2016 21:13:00","1125-Traffic Hazard","I80 W / Sr4 I80 W Con","Contra Costa",NA,NA,38.008424,-122.275602,4,13,33308,80,"W","9.454",22.8,"",5,FALSE,"Monday",TRUE,FALSE
16376048,"GGHB",160419,"04/19/2016 02:50:00","1183-Trfc Collision-Unkn Inj","I80 W / 9th St Ofr","San Francisco",NA,NA,37.775564,-122.405811,4,75,67000,80,"W","4.488",1,"",16,TRUE,"Tuesday",TRUE,TRUE
16376262,"GGHB",160419,"04/19/2016 07:04:00","1125-Traffic Hazard","I80 W / Mcbryde Ave Ofr","Oakland",NA,NA,37.952263,-122.327903,4,13,60620,80,"W","4.054",17.4,"",8,FALSE,"Tuesday",TRUE,TRUE
16376327,"GGHB",160419,"04/19/2016 07:34:00","1182-Trfc Collision-No Inj","I80 W / Neitzel Rd Ofr","Solano",NA,NA,38.224489,-122.126528,4,95,23182,80,"W","13.604",41.1,"",20,TRUE,"Tuesday",TRUE,TRUE
16376341,"GGHB",160419,"04/19/2016 07:39:00","1183-Trfc Collision-Unkn Inj","I80 W / Sr4 I80 W Con","Contra Costa FSP",NA,NA,38.008424,-122.275602,4,13,33308,80,"W","9.454",22.8,"",39,TRUE,"Tuesday",TRUE,FALSE
16376342,"GGHB",160419,"04/19/2016 07:36:00","1183-Trfc Collision-Unkn Inj","I80 W / Sr4 I80 W Con","Contra Costa",NA,NA,38.008424,-122.275602,4,13,33308,80,"W","9.454",22.8,"",466,TRUE,"Tuesday",TRUE,FALSE
16376368,"GGHB",160419,"04/19/2016 07:46:00","1125-Traffic Hazard","I80 W / Appian Wy Ofr","Contra Costa FSP",NA,NA,37.994255,-122.296122,4,13,57288,80,"W","7.954",21.3,"",34,FALSE,"Tuesday",TRUE,TRUE
16376369,"GGHB",160419,"04/19/2016 07:45:00","1125-Traffic Hazard","I80 W / Appian Wy Ofr","Contra Costa",NA,NA,37.994255,-122.296122,4,13,57288,80,"W","7.954",21.3,"",40,FALSE,"Tuesday",TRUE,TRUE
16376450,"GGHB",160419,"04/19/2016 08:18:00","1125-Traffic Hazard","I80 W / Sfobb Toll Plaza Ofr","Oakland",NA,NA,37.825388,-122.304799,4,1,53000,80,"W","2.49",7.8,"",6,FALSE,"Tuesday",TRUE,TRUE
16376503,"GGHB",160419,"04/19/2016 08:34:00","1182-Trfc Collision-No Inj","I80 W / Tp","San Francisco",NA,NA,37.824289,-122.313853,4,1,53000,80,"W","1.99",7.3,"",28,TRUE,"Tuesday",TRUE,FALSE
16376516,"GGHB",160419,"04/19/2016 08:40:00","1182-Trfc Collision-No Inj","I80 W / Willow Ave Ofr","Contra Costa FSP",NA,NA,38.025745,-122.259506,4,13,NA,80,"W","10.954",24.3,"",15,TRUE,"Tuesday",TRUE,TRUE
16376540,"GGHB",160419,"04/19/2016 08:51:00","1182-Trfc Collision-No Inj","I80 W / Willow Ave Ofr","Contra Costa",NA,NA,38.025745,-122.259506,4,13,NA,80,"W","10.954",24.3,"",3,TRUE,"Tuesday",TRUE,TRUE
16376606,"GGHB",160419,"04/19/2016 09:23:00","1183-Trfc Collision-Unkn Inj","I80 W / Appian Wy Ofr","Contra Costa FSP",NA,NA,37.994255,-122.296122,4,13,57288,80,"W","7.954",21.3,"",22,TRUE,"Tuesday",TRUE,TRUE
16376619,"GGHB",160419,"04/19/2016 09:24:00","1125-Traffic Hazard","I80 W / 9th St Ofr","San Francisco",NA,NA,37.775564,-122.405811,4,75,67000,80,"W","4.488",1,"",10,FALSE,"Tuesday",TRUE,TRUE
16376704,"GGHB",160419,"04/19/2016 10:10:00","1125-Traffic Hazard","I80 W / Hercules Ofr","Contra Costa",NA,NA,38.018484,-122.266235,4,13,33308,80,"W","10.354",23.7,"",NA,FALSE,"Tuesday",TRUE,TRUE
16376815,"GGHB",160419,"04/19/2016 11:19:00","1125A-Animal Hazard","I80 W / Magazine St Onr","Solano",NA,NA,38.084081,-122.233277,4,95,81666,80,"W","1.715",29.2,"",3,FALSE,"Tuesday",TRUE,TRUE
16376847,"GGHB",160419,"04/19/2016 11:39:00","1125-Traffic Hazard","I80 W / American Canyon Rd Ofr","Solano",NA,NA,38.171871,-122.196759,4,95,NA,80,"W","8.315",35.8,"",14,FALSE,"Tuesday",TRUE,TRUE
16376870,"GGHB",160419,"04/19/2016 11:57:00","1125-Traffic Hazard","I80 W / I580 E","Oakland",NA,NA,37.83312,-122.294587,4,1,22594,80,"W","3.39",8.7,"",10,FALSE,"Tuesday",TRUE,FALSE
16377024,"GGHB",160419,"04/19/2016 13:14:00","1183-Trfc Collision-Unkn Inj","I80 W / Ashby Ofr - Gore Pt","Oakland",NA,NA,37.850978,-122.299583,4,1,6000,80,"W","4.69",10,"",28,TRUE,"Tuesday",TRUE,TRUE
16377052,"GGHB",160419,"04/19/2016 13:30:00","1179-Trfc Collision-1141 Enrt","I80 W / I80 W Air Base Pkwy Ofr","Solano",NA,NA,38.272711,-122.050567,4,95,23182,80,"W","19.104",46.6,"",43,TRUE,"Tuesday",TRUE,TRUE
16377128,"GGHB",160419,"04/19/2016 14:13:00","1179-Trfc Collision-1141 Enrt","I80 W / University Ave Ofr","Oakland",NA,NA,37.869523,-122.304749,4,1,6000,80,"W","5.99",11.3,"",1,TRUE,"Tuesday",TRUE,TRUE
16377129,"GGHB",160419,"04/19/2016 14:12:00","1179-Trfc Collision-1141 Enrt","I80 W / University Ave Ofr","Oakland FSP",NA,NA,37.869523,-122.304749,4,1,6000,80,"W","5.99",11.3,"",6,TRUE,"Tuesday",TRUE,TRUE
16377339,"GGHB",160419,"04/19/2016 15:35:00","1183-Trfc Collision-Unkn Inj","I80 W / University Ave Ofr","Oakland FSP",NA,NA,37.869523,-122.304749,4,1,6000,80,"W","5.99",11.3,"",25,TRUE,"Tuesday",TRUE,TRUE
16377351,"GGHB",160419,"04/19/2016 15:43:00","1125-Traffic Hazard","I80 W / Us101 S","GGFSP",NA,NA,37.766461,-122.40526,4,75,67000,80,"W","3.888",0.4,"",49,FALSE,"Tuesday",TRUE,FALSE
16377352,"GGHB",160419,"04/19/2016 15:40:00","1125-Traffic Hazard","I80 W / Us101 S","San Francisco",NA,NA,37.766461,-122.40526,4,75,67000,80,"W","3.888",0.4,"",40,FALSE,"Tuesday",TRUE,FALSE
16377522,"GGHB",160419,"04/19/2016 16:48:00","1125-Traffic Hazard","I80 W / Fremont St Ofr","San Francisco",NA,NA,37.78699,-122.389859,4,75,67000,80,"W","5.74",2.2,"",3,FALSE,"Tuesday",TRUE,TRUE
16377583,"GGHB",160419,"04/19/2016 17:23:00","1183-Trfc Collision-Unkn Inj","I80 W / Fremont St Ofr","San Francisco",NA,NA,37.78699,-122.389859,4,75,67000,80,"W","5.74",2.2,"",33,TRUE,"Tuesday",TRUE,TRUE
16377842,"GGHB",160419,"04/19/2016 19:21:00","1125-Traffic Hazard","I80 W / 9th St Ofr","San Francisco",NA,NA,37.775564,-122.405811,4,75,67000,80,"W","4.488",1,"",11,FALSE,"Tuesday",TRUE,TRUE
16377912,"GGHB",160419,"04/19/2016 20:15:00","1183-Trfc Collision-Unkn Inj","I80 W / Sfobb Toll Plaza Rd","San Francisco",NA,NA,37.823899,-122.317448,4,1,53000,80,"W","1.79",7.1,"",525,TRUE,"Tuesday",TRUE,FALSE
16377931,"GGHB",160419,"04/19/2016 20:25:00","1183-Trfc Collision-Unkn Inj","I80 W / Pena Adobe Ofr","Solano",NA,NA,38.337139,-122.016491,4,95,NA,80,"W","24.006",51.5,"",124,TRUE,"Tuesday",TRUE,TRUE
16378058,"GGHB",160419,"04/19/2016 22:34:00","1125-Traffic Hazard","I80 W / 9th St Ofr","San Francisco",NA,NA,37.775564,-122.405811,4,75,67000,80,"W","4.488",1,"",39,FALSE,"Tuesday",TRUE,TRUE
16378278,"GGHB",160420,"04/20/2016 05:52:00","1125-Traffic Hazard","0 I80 W","Solano",NA,NA,38.358836,-121.973821,4,95,81554,80,"W","R26.806",54.3,"",16,FALSE,"Wednesday",TRUE,FALSE
16378464,"GGHB",160420,"04/20/2016 07:38:00","1125-Traffic Hazard","I80 W / 7th St Onr","San Francisco",NA,NA,37.772168,-122.406621,4,75,67000,80,"W","4.288",0.8,"",3,FALSE,"Wednesday",TRUE,TRUE
16378492,"GGHB",160420,"04/20/2016 07:52:00","1125-Traffic Hazard","I80 W / Cutting Blvd Hov Ofr","Oakland FSP",NA,NA,37.927978,-122.32287,4,13,60620,80,"W","2.254",15.6,"",0,FALSE,"Wednesday",TRUE,TRUE
16378493,"GGHB",160420,"04/20/2016 07:51:00","1125-Traffic Hazard","I80 W / Cutting Blvd Hov Ofr","Oakland",NA,NA,37.927978,-122.32287,4,13,60620,80,"W","2.254",15.6,"",0,FALSE,"Wednesday",TRUE,TRUE
16378582,"GGHB",160420,"04/20/2016 08:28:00","20002-Hit and Run No Injuries","I80 W / Hilltop Dr N Onr","Oakland FSP",NA,NA,37.975686,-122.318684,4,13,60620,80,"W","5.954",19.3,"",154,FALSE,"Wednesday",TRUE,TRUE
16378607,"GGHB",160420,"04/20/2016 08:04:00","1182-Trfc Collision-No Inj","I80 W","Oakland FSP",NA,NA,37.94853,-122.3261,4,13,60620,80,"W","3.754",17.1,"",35,TRUE,"Wednesday",TRUE,FALSE
16378617,"GGHB",160420,"04/20/2016 08:44:00","1182-Trfc Collision-No Inj","I80 W / MCBRYDE AVE OFR","Oakland",NA,NA,37.952263,-122.327903,4,13,60620,80,"W","4.054",17.4,"",98,TRUE,"Wednesday",TRUE,TRUE
16378681,"GGHB",160420,"04/20/2016 09:14:00","1183-Trfc Collision-Unkn Inj","I80 W / Carlson Blvd Ofr","Oakland FSP",NA,NA,37.914584,-122.317505,4,13,60620,80,"W","1.254",14.6,"",59,TRUE,"Wednesday",TRUE,TRUE
16378682,"GGHB",160420,"04/20/2016 09:12:00","1183-Trfc Collision-Unkn Inj","I80 W / Carlson Blvd Ofr","Oakland",NA,NA,37.914584,-122.317505,4,13,60620,80,"W","1.254",14.6,"",100,TRUE,"Wednesday",TRUE,TRUE
16378711,"GGHB",160420,"04/20/2016 09:25:00","20002-Hit and Run No Injuries","I80 W / Tp","San Francisco",NA,NA,37.824289,-122.313853,4,1,53000,80,"W","1.99",7.3,"",3,FALSE,"Wednesday",TRUE,FALSE
16378805,"GGHB",160420,"04/20/2016 10:12:00","1125-Traffic Hazard","I80 W / I80 W Sr13 S Con","Oakland",NA,NA,37.852533,-122.29986,4,1,6000,80,"W","4.79",10.1,"",20,FALSE,"Wednesday",TRUE,FALSE
16378933,"GGHB",160420,"04/20/2016 11:25:00","1125-Traffic Hazard","I80 W Sr12 Con / Sr12","Solano",NA,NA,38.207818,-122.155123,4,95,23182,80,"W","R11.715",39.2,"",1,FALSE,"Wednesday",TRUE,FALSE
16379036,"GGHB",160420,"04/20/2016 12:33:00","1125-Traffic Hazard","I80 W / Pena Adobe Ofr","Solano",NA,NA,38.337139,-122.016491,4,95,NA,80,"W","24.006",51.5,"",8,FALSE,"Wednesday",TRUE,TRUE
16379047,"GGHB",160420,"04/20/2016 12:34:00","1125-Traffic Hazard","I80 W / Cherry Glen Rd Ofr","Solano",NA,NA,38.342983,-122.00676,4,95,81554,80,"W","24.706",52.2,"",NA,FALSE,"Wednesday",TRUE,TRUE
16379114,"GGHB",160420,"04/20/2016 13:13:00","1125-Traffic Hazard","I80 W / Treasure Island Onr","San Francisco",NA,NA,37.808087,-122.367206,4,75,67000,80,"W","7.64",4.1,"",3,FALSE,"Wednesday",TRUE,TRUE
16379494,"GGHB",160420,"04/20/2016 15:57:00","1182-Trfc Collision-No Inj","I80 W / I80 W Sr13 S Con","Oakland FSP",NA,NA,37.852533,-122.29986,4,1,6000,80,"W","4.79",10.1,"",3,TRUE,"Wednesday",TRUE,FALSE
16379496,"GGHB",160420,"04/20/2016 15:54:00","1182-Trfc Collision-No Inj","I80 W / I80 W Sr13 S Con","Oakland",NA,NA,37.852533,-122.29986,4,1,6000,80,"W","4.79",10.1,"",7,TRUE,"Wednesday",TRUE,FALSE
16379654,"GGHB",160420,"04/20/2016 16:55:00","1125-Traffic Hazard","I80 W I505 Con / I80 E I505 Con","Solano",NA,NA,38.376908,-121.953666,4,95,81554,80,"W","R28.506",56,"",27,FALSE,"Wednesday",TRUE,FALSE
16379852,"GGHB",160420,"04/20/2016 18:10:00","20002-Hit and Run No Injuries","I80 W / Treasure Island Onr","San Francisco",NA,NA,37.808087,-122.367206,4,75,67000,80,"W","7.64",4.1,"",8,FALSE,"Wednesday",TRUE,TRUE
16379937,"GGHB",160420,"04/20/2016 18:39:00","20001-Hit and Run w/Injuries","I80 W / Ashby Ofr - Gore Pt","Oakland",NA,NA,37.850978,-122.299583,4,1,6000,80,"W","4.69",10,"IN",47,FALSE,"Wednesday",TRUE,TRUE
16379946,"GGHB",160420,"04/20/2016 18:48:00","1183-Trfc Collision-Unkn Inj","I80 W / Ashby Ofr - Gore Pt","Oakland FSP",NA,NA,37.850978,-122.299583,4,1,6000,80,"W","4.69",10,"",9,TRUE,"Wednesday",TRUE,TRUE
16379948,"GGHB",160420,"04/20/2016 18:46:00","1183-Trfc Collision-Unkn Inj","I80 W / Ashby Ofr - Gore Pt","Oakland",NA,NA,37.850978,-122.299583,4,1,6000,80,"W","4.69",10,"",11,TRUE,"Wednesday",TRUE,TRUE
16380168,"GGHB",160420,"04/20/2016 21:05:00","1125-Traffic Hazard","I80 W / Treasure Island Onr","San Francisco",NA,NA,37.808087,-122.367206,4,75,67000,80,"W","7.64",4.1,"",6,FALSE,"Wednesday",TRUE,TRUE
16380288,"GGHB",160420,"04/20/2016 22:54:00","1125-Traffic Hazard","I80 W / Currey Rd Ofr","Solano",NA,NA,38.476193,-121.819861,4,95,NA,80,"W","38.52",66,"",45,FALSE,"Wednesday",TRUE,TRUE
16380322,"GGHB",160420,"04/20/2016 23:42:00","1125-Traffic Hazard","I80 W / Cummings Skwy Ofr","Contra Costa",NA,NA,38.046954,-122.235761,4,13,NA,80,"W","12.954",26.3,"",18,FALSE,"Wednesday",TRUE,TRUE
16380384,"GGHB",160421,"04/21/2016 01:22:00","1183-Trfc Collision-Unkn Inj","I80 W / Pomona St Ofr","Solano",NA,NA,38.056308,-122.225996,4,13,NA,80,"W","13.854",27.2,"",212,TRUE,"Thursday",TRUE,TRUE
16380493,"GGHB",160421,"04/21/2016 05:42:00","1125-Traffic Hazard","I80 W / Fremont St Ofr","San Francisco",NA,NA,37.78699,-122.389859,4,75,67000,80,"W","5.74",2.2,"",4,FALSE,"Thursday",TRUE,TRUE
16380506,"GGHB",160421,"04/21/2016 05:52:00","1183-Trfc Collision-Unkn Inj","I80 W / Maritime Academy Dr Onr","Solano",NA,NA,38.077379,-122.232523,4,95,81666,80,"W","1.215",28.7,"",42,TRUE,"Thursday",TRUE,TRUE
16380511,"GGHB",160421,"04/21/2016 05:58:00","1183-Trfc Collision-Unkn Inj","I80 W / Maritime Academy Dr Onr","GGFSP",NA,NA,38.077379,-122.232523,4,95,81666,80,"W","1.215",28.7,"",-3,TRUE,"Thursday",TRUE,TRUE
16380577,"GGHB",160421,"04/21/2016 06:40:00","1125-Traffic Hazard","I80 W / Powell St Ofr","Oakland",NA,NA,37.842598,-122.297583,4,1,22594,80,"W","4.09",9.4,"",33,FALSE,"Thursday",TRUE,TRUE
16380601,"GGHB",160421,"04/21/2016 06:56:00","1125-Traffic Hazard","I80 W / Solano Ave Ofr","Solano",NA,NA,38.106359,-122.229757,4,95,81666,80,"W","3.215",30.7,"",9,FALSE,"Thursday",TRUE,TRUE
16380619,"GGHB",160421,"04/21/2016 06:59:00","1182-Trfc Collision-No Inj","I80 W / Carlson Blvd Ofr","Oakland",NA,NA,37.914584,-122.317505,4,13,60620,80,"W","1.254",14.6,"",25,TRUE,"Thursday",TRUE,TRUE
16380698,"GGHB",160421,"04/21/2016 07:43:00","1125-Traffic Hazard","I80 W / Kidwell Rd Ofr","Solano",NA,NA,38.510449,-121.780453,4,95,NA,80,"W","41.72",69.2,"",2,FALSE,"Thursday",TRUE,TRUE
16380970,"GGHB",160421,"04/21/2016 10:03:00","1125-Traffic Hazard","I80 W / University Ave Ofr","Oakland FSP",NA,NA,37.869523,-122.304749,4,1,6000,80,"W","5.99",11.3,"",12,FALSE,"Thursday",TRUE,TRUE
16380972,"GGHB",160421,"04/21/2016 10:00:00","1125-Traffic Hazard","I80 W / Sr13 I80 W Con","Oakland",NA,NA,37.844546,-122.297993,4,1,22594,80,"W","4.29",9.6,"",59,FALSE,"Thursday",TRUE,FALSE
16381039,"GGHB",160421,"04/21/2016 10:37:00","1125-Traffic Hazard","I80 W / Oday Rd Ofr","Solano",NA,NA,38.418702,-121.894334,4,95,NA,80,"W","32.82",60.3,"",16,FALSE,"Thursday",TRUE,TRUE
16381205,"GGHB",160421,"04/21/2016 12:08:00","1182-Trfc Collision-No Inj","I80 W / University Ave Ofr","Oakland",NA,NA,37.869523,-122.304749,4,1,6000,80,"W","5.99",11.3,"",0,TRUE,"Thursday",TRUE,TRUE
16381217,"GGHB",160421,"04/21/2016 12:09:00","1125-Traffic Hazard","I80 W / Treasure Island Onr","San Francisco",NA,NA,37.808087,-122.367206,4,75,67000,80,"W","7.64",4.1,"",7,FALSE,"Thursday",TRUE,TRUE
16381281,"GGHB",160421,"04/21/2016 12:42:00","1125-Traffic Hazard","I80 W / Pomona St Ofr","Contra Costa",NA,NA,38.056308,-122.225996,4,13,NA,80,"W","13.854",27.2,"",3,FALSE,"Thursday",TRUE,TRUE
16381392,"GGHB",160421,"04/21/2016 13:45:00","1182-Trfc Collision-No Inj","I80 W / ABERNATHY RD OFR","Solano",NA,NA,38.244248,-122.082717,4,95,23182,80,"W","16.404",43.9,"",6,TRUE,"Thursday",TRUE,TRUE
16381408,"GGHB",160421,"04/21/2016 13:55:00","1182-Trfc Collision-No Inj","I80 W / Central Ave Ofr","Oakland",NA,NA,37.903864,-122.312909,4,13,60620,80,"W","0.454",13.8,"",98,TRUE,"Thursday",TRUE,TRUE
16381601,"GGHB",160421,"04/21/2016 15:24:00","1125-Traffic Hazard","I80 W / Sr124 Ofr","Solano",NA,NA,38.462611,-121.837308,4,95,NA,80,"W","37.22",64.7,"",18,FALSE,"Thursday",TRUE,TRUE
16381731,"GGHB",160421,"04/21/2016 16:14:00","1125-Traffic Hazard","I80 W / I580 W I80 W Con","Oakland",NA,NA,37.826287,-122.301051,4,1,53000,80,"W","2.69",8,"",48,FALSE,"Thursday",TRUE,FALSE
16381853,"GGHB",160421,"04/21/2016 17:02:00","1125-Traffic Hazard","0 I80 W","San Francisco",NA,NA,37.818304,-122.346222,4,75,67000,80,"W","0.19",5.5,"",21,FALSE,"Thursday",TRUE,FALSE
16381870,"GGHB",160421,"04/21/2016 17:04:00","1179-Trfc Collision-1141 Enrt","I80 W / El Portal Dr Onr","Oakland",NA,NA,37.960814,-122.330258,4,13,68294,80,"W","4.654",18,"",65,TRUE,"Thursday",TRUE,TRUE
16381881,"GGHB",160421,"04/21/2016 17:11:00","1179-Trfc Collision-1141 Enrt","I80 W / El Portal Dr Onr","Oakland FSP",NA,NA,37.960814,-122.330258,4,13,68294,80,"W","4.654",18,"",2,TRUE,"Thursday",TRUE,TRUE
16381907,"GGHB",160421,"04/21/2016 17:20:00","1125-Traffic Hazard","I80 W / Tp","San Francisco",NA,NA,37.824289,-122.313853,4,1,53000,80,"W","1.99",7.3,"",33,FALSE,"Thursday",TRUE,FALSE
16382156,"GGHB",160421,"04/21/2016 19:08:00","20002-Hit and Run No Injuries","I80 W / Treasure Island Onr","San Francisco",NA,NA,37.808087,-122.367206,4,75,67000,80,"W","7.64",4.1,"",5,FALSE,"Thursday",TRUE,TRUE
16382283,"GGHB",160421,"04/21/2016 20:29:00","1125-Traffic Hazard","I80 W / Scales","Solano",NA,NA,38.229722,-122.116944,4,95,NA,80,"W","14.304",41.8,"",14,FALSE,"Thursday",TRUE,FALSE
16382440,"GGHB",160421,"04/21/2016 22:54:00","1125-Traffic Hazard","I80 W / The Embarcadero Uc","San Francisco",NA,NA,37.789244,-122.387619,4,75,67000,80,"W","5.94",2.4,"",2,FALSE,"Thursday",TRUE,FALSE
16382622,"GGHB",160422,"04/22/2016 04:45:00","1125-Traffic Hazard","I80 W / 9TH ST OFR","San Francisco",NA,NA,37.775564,-122.405811,4,75,67000,80,"W","4.488",1,"",14,FALSE,"Friday",TRUE,TRUE
16382675,"GGHB",160422,"04/22/2016 06:02:00","1183-Trfc Collision-Unkn Inj","Sr4 I80 W Con / Sr4 W I80 W Con","Contra Costa",NA,NA,38.013592,-122.271176,4,13,33308,80,"W","9.854",23.2,"",39,TRUE,"Friday",TRUE,FALSE
16382681,"GGHB",160422,"04/22/2016 06:09:00","1183-Trfc Collision-Unkn Inj","Sr4 I80 W Con / Sr4 W I80 W Con","Contra Costa FSP",NA,NA,38.013592,-122.271176,4,13,33308,80,"W","9.854",23.2,"",50,TRUE,"Friday",TRUE,FALSE
16382730,"GGHB",160422,"04/22/2016 06:31:00","1183-Trfc Collision-Unkn Inj","I80 W / I780 W I80 Con","Solano",NA,NA,38.09164,-122.230478,4,95,NA,80,"W","2.215",29.7,"",107,TRUE,"Friday",TRUE,FALSE
16382769,"GGHB",160422,"04/22/2016 06:58:00","1182-Trfc Collision-No Inj","I80 W / Tennessee St Ofr","Solano FSP",NA,NA,38.113054,-122.229919,4,95,81666,80,"W","3.715",31.2,"",3,TRUE,"Friday",TRUE,TRUE
16382947,"GGHB",160422,"04/22/2016 08:24:00","1179-Trfc Collision-1141 Enrt","I80 W / San Pablo Ave Ofr","Oakland FSP",NA,NA,37.940155,-122.324756,4,13,60620,80,"W","3.154",16.5,"",31,TRUE,"Friday",TRUE,TRUE
16382948,"GGHB",160422,"04/22/2016 08:20:00","1182-Trfc Collision-No Inj","I80 W / El Portal Dr Ofr","Oakland",NA,NA,37.970799,-122.320338,4,13,60620,80,"W","5.554",18.9,"",66,TRUE,"Friday",TRUE,TRUE
16383120,"GGHB",160422,"04/22/2016 09:33:00","1125-Traffic Hazard","I80 W / El Portal Dr Onr","Oakland",NA,NA,37.960814,-122.330258,4,13,68294,80,"W","4.654",18,"",32,FALSE,"Friday",TRUE,TRUE
16383286,"GGHB",160422,"04/22/2016 10:52:00","BREAK-Traffic Break","I80 W / I680 N I80 Con","Solano",NA,NA,38.217548,-122.136844,4,95,23182,80,"W","12.904",40.4,"",16,FALSE,"Friday",TRUE,FALSE
16383393,"GGHB",160422,"04/22/2016 11:35:00","1182-Trfc Collision-No Inj","I80 W / Pedrick Rd Ofr","Solano",NA,NA,38.492305,-121.799814,4,95,NA,80,"W","40.02",67.5,"",23,TRUE,"Friday",TRUE,TRUE
16383431,"GGHB",160422,"04/22/2016 11:53:00","1125-Traffic Hazard","I80 W / Buchanan St Onr","Oakland",NA,NA,37.883528,-122.308627,4,1,6000,80,"W","6.89",12.2,"",2,FALSE,"Friday",TRUE,TRUE
16383443,"GGHB",160422,"04/22/2016 11:58:00","1125-Traffic Hazard","I80 W / Treasure Island Onr","San Francisco",NA,NA,37.808087,-122.367206,4,75,67000,80,"W","7.64",4.1,"",21,FALSE,"Friday",TRUE,TRUE
16383655,"GGHB",160422,"04/22/2016 13:27:00","1125-Traffic Hazard","I80 W / I680 N I80 Con","Solano",NA,NA,38.217548,-122.136844,4,95,23182,80,"W","12.904",40.4,"",1,FALSE,"Friday",TRUE,FALSE
16383693,"GGHB",160422,"04/22/2016 13:40:00","1183-Trfc Collision-Unkn Inj","I80 W / Red Top Rd Ofr","Solano",NA,NA,38.20397,-122.155046,4,95,23182,80,"W","R11.515",39,"",20,TRUE,"Friday",TRUE,TRUE
16383717,"GGHB",160422,"04/22/2016 13:53:00","1125-Traffic Hazard","I80 W / University Ave Ofr","Oakland FSP",NA,NA,37.869523,-122.304749,4,1,6000,80,"W","5.99",11.3,"",0,FALSE,"Friday",TRUE,TRUE
16383719,"GGHB",160422,"04/22/2016 13:49:00","1125-Traffic Hazard","I80 W / University Ave Ofr","Oakland",NA,NA,37.869523,-122.304749,4,1,6000,80,"W","5.99",11.3,"",18,FALSE,"Friday",TRUE,TRUE
16383741,"GGHB",160422,"04/22/2016 14:01:00","1179-Trfc Collision-1141 Enrt","I80 W / University Ave Ofr","Oakland FSP",NA,NA,37.869523,-122.304749,4,1,6000,80,"W","5.99",11.3,"",6,TRUE,"Friday",TRUE,TRUE
16383785,"GGHB",160422,"04/22/2016 14:23:00","1125-Traffic Hazard","I80 W / Powell St Ofr","Oakland",NA,NA,37.842598,-122.297583,4,1,22594,80,"W","4.09",9.4,"",64,FALSE,"Friday",TRUE,TRUE
16383980,"GGHB",160422,"04/22/2016 15:34:00","1125-Traffic Hazard","I80 W / University Ave Ofr","Oakland FSP",NA,NA,37.869523,-122.304749,4,1,6000,80,"W","5.99",11.3,"",57,FALSE,"Friday",TRUE,TRUE
16384023,"GGHB",160422,"04/22/2016 15:36:00","20002-Hit and Run No Injuries","I80 W / Albany Ofr","Oakland",NA,NA,37.895221,-122.308233,4,1,674,80,"W","7.79",13.1,"",14,FALSE,"Friday",TRUE,TRUE
16384166,"GGHB",160422,"04/22/2016 16:31:00","1183-Trfc Collision-Unkn Inj","I80 W / Powell St Ofr","Oakland",NA,NA,37.842598,-122.297583,4,1,22594,80,"W","4.09",9.4,"",16,TRUE,"Friday",TRUE,TRUE
16384208,"GGHB",160422,"04/22/2016 16:53:00","1125-Traffic Hazard","I80 W / Gilman St Ofr","Oakland FSP",NA,NA,37.881911,-122.308246,4,1,6000,80,"W","6.79",12.1,"",63,FALSE,"Friday",TRUE,TRUE
16384210,"GGHB",160422,"04/22/2016 16:51:00","1125-Traffic Hazard","I80 W / Gilman St Ofr","Oakland",NA,NA,37.881911,-122.308246,4,1,6000,80,"W","6.79",12.1,"",25,FALSE,"Friday",TRUE,TRUE
16384355,"GGHB",160422,"04/22/2016 17:44:00","1125-Traffic Hazard","I80 W / Powell St Ofr","Oakland FSP",NA,NA,37.842598,-122.297583,4,1,22594,80,"W","4.09",9.4,"",7,FALSE,"Friday",TRUE,TRUE
16384356,"GGHB",160422,"04/22/2016 17:42:00","1125-Traffic Hazard","I80 W / Powell St Ofr","Oakland",NA,NA,37.842598,-122.297583,4,1,22594,80,"W","4.09",9.4,"",15,FALSE,"Friday",TRUE,TRUE
16384553,"GGHB",160422,"04/22/2016 18:55:00","1125-Traffic Hazard","I80 W / Treasure Island Onr","San Francisco",NA,NA,37.808087,-122.367206,4,75,67000,80,"W","7.64",4.1,"",21,FALSE,"Friday",TRUE,TRUE
16384675,"GGHB",160422,"04/22/2016 20:08:00","1125A-Animal Hazard","I80 W / I505 S I80 Con","Solano",NA,NA,38.369671,-121.957892,4,95,81554,80,"W","R28.006",55.5,"",40,FALSE,"Friday",TRUE,FALSE
16384748,"GGHB",160422,"04/22/2016 20:58:00","1125-Traffic Hazard","0 I80 W","Solano",NA,NA,38.210498,-122.147019,4,95,23182,80,"W","12.204",39.7,"",23,FALSE,"Friday",TRUE,FALSE
16384823,"GGHB",160422,"04/22/2016 21:52:00","1125-Traffic Hazard","I80 W / Yerba Buena Island Ofr","San Francisco",NA,NA,37.811091,-122.364007,4,75,67000,80,"W","7.94",4.4,"",0,FALSE,"Friday",TRUE,TRUE
16387786,"GGHB",160425,"04/25/2016 08:10:00","1183-Trfc Collision-Unkn Inj","I80 W / Abernathy Rd Ofr","Solano FSP",NA,NA,38.244248,-122.082717,4,95,23182,80,"W","16.404",43.9,"",46,TRUE,"Monday",TRUE,TRUE
16387794,"GGHB",160425,"04/25/2016 07:46:00","1179-Trfc Collision-1141 Enrt","I80 W / Tennessee St Ofr","Solano",NA,NA,38.113054,-122.229919,4,95,81666,80,"W","3.715",31.2,"",54,TRUE,"Monday",TRUE,TRUE
16388016,"GGHB",160425,"04/25/2016 09:04:00","1183-Trfc Collision-Unkn Inj","I80 W / Gilman St Ofr","Oakland",NA,NA,37.881911,-122.308246,4,1,6000,80,"W","6.79",12.1,"",6,TRUE,"Monday",TRUE,TRUE
16388094,"GGHB",160425,"04/25/2016 09:45:00","1125-Traffic Hazard","I80 W / Cutting Blvd Hov Ofr","Oakland",NA,NA,37.927978,-122.32287,4,13,60620,80,"W","2.254",15.6,"",NA,FALSE,"Monday",TRUE,TRUE
16388384,"GGHB",160425,"04/25/2016 12:21:00","1182-Trfc Collision-No Inj","I80 W / Powell St E Onr","Oakland",NA,NA,37.830511,-122.294033,4,1,53000,80,"W","3.29",8.6,"",7,TRUE,"Monday",TRUE,TRUE
16388508,"GGHB",160425,"04/25/2016 13:25:00","1182-Trfc Collision-No Inj","I80 W / Powell St E Onr","Oakland",NA,NA,37.830511,-122.294033,4,1,53000,80,"W","3.29",8.6,"",1,TRUE,"Monday",TRUE,TRUE
16388569,"GGHB",160425,"04/25/2016 13:58:00","1125-Traffic Hazard","I80 W / Pinole Valley Rd Ofr","Contra Costa",NA,NA,38.00178,-122.281783,4,13,NA,80,"W","8.854",22.2,"",1,FALSE,"Monday",TRUE,TRUE
16388618,"GGHB",160425,"04/25/2016 14:24:00","1125-Traffic Hazard","I80 W / Appian Wy S Onr","Oakland FSP",NA,NA,37.992603,-122.306302,4,13,57288,80,"W","7.354",20.7,"",20,FALSE,"Monday",TRUE,TRUE
16388676,"GGHB",160425,"04/25/2016 14:44:00","1125-Traffic Hazard","I80 W / Hilltop Dr N Onr","Oakland",NA,NA,37.975686,-122.318684,4,13,60620,80,"W","5.954",19.3,"",0,FALSE,"Monday",TRUE,TRUE
16388689,"GGHB",160425,"04/25/2016 14:49:00","1125-Traffic Hazard","I80 W / Richmond Pkwy Onr","Oakland",NA,NA,37.98565,-122.315539,4,13,60620,80,"W","6.654",20,"",30,FALSE,"Monday",TRUE,TRUE
16388901,"GGHB",160425,"04/25/2016 16:12:00","1125-Traffic Hazard","I80 W / University Ave Ofr","Oakland FSP",NA,NA,37.869523,-122.304749,4,1,6000,80,"W","5.99",11.3,"",0,FALSE,"Monday",TRUE,TRUE
16388902,"GGHB",160425,"04/25/2016 16:11:00","1125-Traffic Hazard","I80 W / University Ave Ofr","Oakland",NA,NA,37.869523,-122.304749,4,1,6000,80,"W","5.99",11.3,"",39,FALSE,"Monday",TRUE,TRUE
16389982,"GGHB",160426,"04/26/2016 07:57:00","1125-Traffic Hazard","I80 W / Redwood St Onr","Solano",NA,NA,38.12055,-122.230475,4,95,81666,80,"W","4.215",31.7,"",24,FALSE,"Tuesday",TRUE,TRUE
16390045,"GGHB",160426,"04/26/2016 08:20:00","1179-Trfc Collision-1141 Enrt","I80 W / POWELL ST OFR","Oakland",NA,NA,37.842598,-122.297583,4,1,22594,80,"W","4.09",9.4,"",118,TRUE,"Tuesday",TRUE,TRUE
16390108,"GGHB",160426,"04/26/2016 08:48:00","1183-Trfc Collision-Unkn Inj","I80 W / Sr12 W","Solano FSP",NA,NA,38.236859,-122.099661,4,95,NA,80,"W","15.304",42.8,"",25,TRUE,"Tuesday",TRUE,FALSE
16390362,"GGHB",160426,"04/26/2016 11:13:00","1125-Traffic Hazard","I80 W / Richmond Pkwy Ofr","Oakland",NA,NA,37.989215,-122.312635,4,13,57288,80,"W","6.954",20.3,"",3,FALSE,"Tuesday",TRUE,TRUE
16390435,"GGHB",160426,"04/26/2016 12:00:00","1125-Traffic Hazard","I80 W / American Canyon Rd Ofr","Solano",NA,NA,38.171871,-122.196759,4,95,NA,80,"W","8.315",35.8,"",1,FALSE,"Tuesday",TRUE,TRUE
16391484,"GGHB",160426,"04/26/2016 21:14:00","1179-Trfc Collision-1141 Enrt","I80 W / El Portal Dr Ofr","Oakland",NA,NA,37.970799,-122.320338,4,13,60620,80,"W","5.554",18.9,"",41,TRUE,"Tuesday",TRUE,TRUE
16391548,"GGHB",160426,"04/26/2016 22:22:00","1183-Trfc Collision-Unkn Inj","I80 W / Cherry Glen Rd Ofr","Solano",NA,NA,38.328394,-122.022082,4,95,NA,80,"W","23.406",50.9,"",87,TRUE,"Tuesday",TRUE,TRUE
16391549,"GGHB",160426,"04/26/2016 22:21:00","1183-Trfc Collision-Unkn Inj","I80 W / W Texas St Onr - Rev Gore Pt","Solano",NA,NA,38.2487,-122.071411,4,95,23182,80,"W","17.104",44.6,"",3,TRUE,"Tuesday",TRUE,TRUE
16391554,"GGHB",160426,"04/26/2016 22:27:00","1183-Trfc Collision-Unkn Inj","I80 W / Manuel Campos Pkwy Onr","Solano",NA,NA,38.295385,-122.034166,4,95,23182,80,"W","20.904",48.4,"",1,TRUE,"Tuesday",TRUE,TRUE
16391558,"GGHB",160426,"04/26/2016 22:29:00","1125-Traffic Hazard","I80 W / El Portal Dr Ofr","Oakland",NA,NA,37.970799,-122.320338,4,13,60620,80,"W","5.554",18.9,"",24,FALSE,"Tuesday",TRUE,TRUE
16391585,"GGHB",160426,"04/26/2016 22:52:00","1182-Trfc Collision-No Inj","I80 W / Manuel Campos Pkwy Ofr","Solano",NA,NA,38.299835,-122.034061,4,95,23182,80,"W","21.204",48.7,"",12,TRUE,"Tuesday",TRUE,TRUE
16391628,"GGHB",160427,"04/27/2016 00:31:00","1125-Traffic Hazard","I80 W / Hunter Hill Safety Rest Area Ofr","Solano",NA,NA,38.155909,-122.214243,4,95,NA,80,"W","6.915",34.4,"",24,FALSE,"Wednesday",TRUE,TRUE
16391637,"GGHB",160427,"04/27/2016 00:38:00","1125-Traffic Hazard","I80 W / Redwood St Ofr","Solano",NA,NA,38.125376,-122.228921,4,95,81666,80,"W","4.615",32.1,"",25,FALSE,"Wednesday",TRUE,TRUE
16391926,"GGHB",160427,"04/27/2016 07:35:00","1125-Traffic Hazard","I80 W / Treasure Island Onr","San Francisco",NA,NA,37.808087,-122.367206,4,75,67000,80,"W","7.64",4.1,"",18,FALSE,"Wednesday",TRUE,TRUE
16391958,"GGHB",160427,"04/27/2016 07:50:00","1125A-Animal Hazard","I80 W / Maritime St Ofr","Oakland",NA,NA,37.825643,-122.304094,4,1,53000,80,"W","2.59",7.9,"",2,FALSE,"Wednesday",TRUE,TRUE
16392014,"GGHB",160427,"04/27/2016 08:17:00","1182-Trfc Collision-No Inj","I80 W / Central Ave Ofr","Oakland FSP",NA,NA,37.903864,-122.312909,4,13,60620,80,"W","0.454",13.8,"",46,TRUE,"Wednesday",TRUE,TRUE
16392072,"GGHB",160427,"04/27/2016 08:40:00","1182-Trfc Collision-No Inj","I80 W / Carlson Blvd Ofr","Oakland",NA,NA,37.914584,-122.317505,4,13,60620,80,"W","1.254",14.6,"",8,TRUE,"Wednesday",TRUE,TRUE
16392281,"GGHB",160427,"04/27/2016 10:37:00","1183-Trfc Collision-Unkn Inj","I80 W / I580 E","Oakland",NA,NA,37.83312,-122.294587,4,1,22594,80,"W","3.39",8.7,"",12,TRUE,"Wednesday",TRUE,FALSE
16392331,"GGHB",160427,"04/27/2016 11:06:00","1125-Traffic Hazard","I80 W / Hov Sfobb Toll Plaza Ofr","Oakland",NA,NA,37.824685,-122.312051,4,1,53000,80,"W","2.09",7.4,"",11,FALSE,"Wednesday",TRUE,TRUE
16392393,"GGHB",160427,"04/27/2016 11:44:00","1125-Traffic Hazard","I80 W / I580 E","Oakland",NA,NA,37.83312,-122.294587,4,1,22594,80,"W","3.39",8.7,"",0,FALSE,"Wednesday",TRUE,FALSE
16392573,"GGHB",160427,"04/27/2016 13:40:00","CFIRE-Car Fire","I80 W / Red Top Rd Ofr","Solano",NA,NA,38.20397,-122.155046,4,95,23182,80,"W","R11.515",39,"",28,FALSE,"Wednesday",TRUE,TRUE
16392583,"GGHB",160427,"04/27/2016 13:44:00","1179-Trfc Collision-1141 Enrt","I80 W / El Portal Dr Ofr","Oakland",NA,NA,37.970799,-122.320338,4,13,60620,80,"W","5.554",18.9,"",41,TRUE,"Wednesday",TRUE,TRUE
16392599,"GGHB",160427,"04/27/2016 13:53:00","1125-Traffic Hazard","I80 W / American Canyon Rd Ofr","Solano",NA,NA,38.171871,-122.196759,4,95,NA,80,"W","8.315",35.8,"",31,FALSE,"Wednesday",TRUE,TRUE
16392625,"GGHB",160427,"04/27/2016 14:10:00","1125A-Animal Hazard","I80 W / Sfobb Toll Plaza Ofr","Oakland",NA,NA,37.825388,-122.304799,4,1,53000,80,"W","2.49",7.8,"",7,FALSE,"Wednesday",TRUE,TRUE
16392706,"GGHB",160427,"04/27/2016 14:49:00","1125-Traffic Hazard","I80 W / Pinole Valley Rd Ofr","Contra Costa",NA,NA,38.00178,-122.281783,4,13,NA,80,"W","8.854",22.2,"",16,FALSE,"Wednesday",TRUE,TRUE
16392727,"GGHB",160427,"04/27/2016 15:08:00","1125-Traffic Hazard","I80 W / Mason St Onr","Solano FSP",NA,NA,38.352194,-121.982467,4,95,81554,80,"W","R26.206",53.7,"",25,FALSE,"Wednesday",TRUE,TRUE
16392844,"GGHB",160427,"04/27/2016 15:54:00","1183-Trfc Collision-Unkn Inj","I80 W / MASON ST OFR","Solano",NA,NA,38.354411,-121.97866,4,95,81554,80,"W","R26.406",53.9,"",100,TRUE,"Wednesday",TRUE,TRUE
16392859,"GGHB",160427,"04/27/2016 15:58:00","1183-Trfc Collision-Unkn Inj","I80 W / Richmond Pkwy Ofr","Oakland FSP",NA,NA,37.989215,-122.312635,4,13,57288,80,"W","6.954",20.3,"",39,TRUE,"Wednesday",TRUE,TRUE
16392860,"GGHB",160427,"04/27/2016 15:55:00","1183-Trfc Collision-Unkn Inj","I80 W / Richmond Pkwy Ofr","Oakland",NA,NA,37.989215,-122.312635,4,13,57288,80,"W","6.954",20.3,"",38,TRUE,"Wednesday",TRUE,TRUE
16392966,"GGHB",160427,"04/27/2016 16:38:00","1182-Trfc Collision-No Inj","I80 W / Powell St Ofr","Oakland FSP",NA,NA,37.842598,-122.297583,4,1,22594,80,"W","4.09",9.4,"",16,TRUE,"Wednesday",TRUE,TRUE
16392969,"GGHB",160427,"04/27/2016 16:35:00","1182-Trfc Collision-No Inj","I80 W / Powell St Ofr","Oakland",NA,NA,37.842598,-122.297583,4,1,22594,80,"W","4.09",9.4,"",31,TRUE,"Wednesday",TRUE,TRUE
16393145,"GGHB",160427,"04/27/2016 17:43:00","1183-Trfc Collision-Unkn Inj","I80 W / Davis St Ofr","Solano FSP",NA,NA,38.350921,-121.985735,4,95,81554,80,"W","R26.006",53.5,"",98,TRUE,"Wednesday",TRUE,TRUE
16393196,"GGHB",160427,"04/27/2016 18:00:00","1125-Traffic Hazard","I80 W / Oday Rd Ofr","Solano",NA,NA,38.418702,-121.894334,4,95,NA,80,"W","32.82",60.3,"",22,FALSE,"Wednesday",TRUE,TRUE
16393251,"GGHB",160427,"04/27/2016 18:17:00","1125A-Animal Hazard","I80 W / Sfobb Toll Plaza Rd","Oakland",NA,NA,37.823899,-122.317448,4,1,53000,80,"W","1.79",7.1,"",55,FALSE,"Wednesday",TRUE,FALSE
16393381,"GGHB",160427,"04/27/2016 19:30:00","1125-Traffic Hazard","I80 W / I580 W I80 W Con","Oakland",NA,NA,37.827012,-122.297426,4,1,53000,80,"W","2.89",8.2,"",40,FALSE,"Wednesday",TRUE,FALSE
16393466,"GGHB",160427,"04/27/2016 20:46:00","1125-Traffic Hazard","Travis Blvd Onr / I80 W","Solano",NA,NA,38.257644,-122.063114,4,95,23182,80,"W","17.804",45.3,"",6,FALSE,"Wednesday",TRUE,TRUE
16393553,"GGHB",160427,"04/27/2016 22:03:00","1125-Traffic Hazard","I80 W / Treasure Island Onr","San Francisco",NA,NA,37.808087,-122.367206,4,75,67000,80,"W","7.64",4.1,"",NA,FALSE,"Wednesday",TRUE,TRUE
16393697,"GGHB",160428,"04/28/2016 01:36:00","1125-Traffic Hazard","I80 W / San Pablo Ave Ofr","Oakland",NA,NA,37.940155,-122.324756,4,13,60620,80,"W","3.154",16.5,"",39,FALSE,"Thursday",TRUE,TRUE
16393790,"GGHB",160428,"04/28/2016 05:00:00","1183-Trfc Collision-Unkn Inj","I80 W / Sfobb Toll Plaza Ofr","Oakland",NA,NA,37.825388,-122.304799,4,1,53000,80,"W","2.49",7.8,"",16,TRUE,"Thursday",TRUE,TRUE
16393839,"GGHB",160428,"04/28/2016 05:55:00","1182-Trfc Collision-No Inj","I80 W / Tp","San Francisco",NA,NA,37.824289,-122.313853,4,1,53000,80,"W","1.99",7.3,"",32,TRUE,"Thursday",TRUE,FALSE
16393872,"GGHB",160428,"04/28/2016 06:26:00","20002-Hit and Run No Injuries","I80 W / Hov Sfobb Toll Plaza Ofr","Oakland",NA,NA,37.824685,-122.312051,4,1,53000,80,"W","2.09",7.4,"",14,FALSE,"Thursday",TRUE,TRUE
16393873,"GGHB",160428,"04/28/2016 06:23:00","1182-Trfc Collision-No Inj","I80 W / Buchanan St Onr","Oakland",NA,NA,37.883528,-122.308627,4,1,6000,80,"W","6.89",12.2,"",2,TRUE,"Thursday",TRUE,TRUE
16393916,"GGHB",160428,"04/28/2016 06:52:00","1125-Traffic Hazard","I80 W / Fremont St Ofr","San Francisco",NA,NA,37.78699,-122.389859,4,75,67000,80,"W","5.74",2.2,"",35,FALSE,"Thursday",TRUE,TRUE
16393927,"GGHB",160428,"04/28/2016 06:57:00","1183-Trfc Collision-Unkn Inj","I80 W / Fremont St Ofr","San Francisco FSP",NA,NA,37.78699,-122.389859,4,75,67000,80,"W","5.74",2.2,"",10,TRUE,"Thursday",TRUE,TRUE
16394106,"GGHB",160428,"04/28/2016 08:09:00","1182-Trfc Collision-No Inj","I80 W / I580 W I80 W Con","Oakland",NA,NA,37.827012,-122.297426,4,1,53000,80,"W","2.89",8.2,"",43,TRUE,"Thursday",TRUE,FALSE
16394190,"GGHB",160428,"04/28/2016 08:48:00","1125-Traffic Hazard","I80 W / Maritime St Ofr","Oakland",NA,NA,37.825643,-122.304094,4,1,53000,80,"W","2.59",7.9,"",4,FALSE,"Thursday",TRUE,TRUE
16394292,"GGHB",160428,"04/28/2016 09:34:00","1183-Trfc Collision-Unkn Inj","I80 W / Central Ave Onr","Oakland FSP",NA,NA,37.898581,-122.309609,4,13,60620,80,"W","0.054",13.4,"",41,TRUE,"Thursday",TRUE,TRUE
16394293,"GGHB",160428,"04/28/2016 09:32:00","1183-Trfc Collision-Unkn Inj","I80 W / Central Ave Onr","Oakland",NA,NA,37.898581,-122.309609,4,13,60620,80,"W","0.054",13.4,"",157,TRUE,"Thursday",TRUE,TRUE
16394368,"GGHB",160428,"04/28/2016 10:15:00","1182-Trfc Collision-No Inj","I80 W / Abernathy Rd Ofr","Solano",NA,NA,38.244248,-122.082717,4,95,23182,80,"W","16.404",43.9,"",27,TRUE,"Thursday",TRUE,TRUE
16394532,"GGHB",160428,"04/28/2016 11:44:00","1183-Trfc Collision-Unkn Inj","I80 W / Treasure Island Onr","San Francisco",NA,NA,37.808087,-122.367206,4,75,67000,80,"W","7.64",4.1,"",25,TRUE,"Thursday",TRUE,TRUE
16394833,"GGHB",160428,"04/28/2016 14:35:00","20002-Hit and Run No Injuries","I80 W / Merchant St Ofr","Solano",NA,NA,38.346683,-121.996627,4,95,81554,80,"W","R25.306",52.8,"",45,FALSE,"Thursday",TRUE,TRUE
16394927,"GGHB",160428,"04/28/2016 15:16:00","1182-Trfc Collision-No Inj","I80 W / I80 W Sr13 S Con","Oakland",NA,NA,37.852533,-122.29986,4,1,6000,80,"W","4.79",10.1,"",55,TRUE,"Thursday",TRUE,FALSE
16395366,"GGHB",160428,"04/28/2016 18:15:00","1125-Traffic Hazard","I80 W / Travis Blvd Ofr","Solano",NA,NA,38.260645,-122.060625,4,95,23182,80,"W","18.104",45.6,"",54,FALSE,"Thursday",TRUE,TRUE
16395449,"GGHB",160428,"04/28/2016 18:54:00","1125-Traffic Hazard","I80 W / University Ave Ofr","Oakland FSP",NA,NA,37.869523,-122.304749,4,1,6000,80,"W","5.99",11.3,"",10,FALSE,"Thursday",TRUE,TRUE
16395625,"GGHB",160428,"04/28/2016 21:03:00","CZP-Assist with Construction","I80 W / SAN PABLO DAM RD ONR","Oakland",NA,NA,37.953792,-122.328714,4,13,60620,80,"W","4.154",17.5,"",461,FALSE,"Thursday",TRUE,TRUE
16395695,"GGHB",160428,"04/28/2016 21:54:00","1125-Traffic Hazard","I80 W / E Monte Vista Ave Ofr","Solano",NA,NA,38.367826,-121.960276,4,95,81554,80,"W","R27.806",55.3,"",4,FALSE,"Thursday",TRUE,TRUE
16395867,"GGHB",160429,"04/29/2016 01:51:00","1125-Traffic Hazard","I80 W / Treasure Island Onr","San Francisco",NA,NA,37.808087,-122.367206,4,75,67000,80,"W","7.64",4.1,"",9,FALSE,"Friday",TRUE,TRUE
16395894,"GGHB",160429,"04/29/2016 03:01:00","1125-Traffic Hazard","I80 W / Powell St E Onr","Oakland",NA,NA,37.830511,-122.294033,4,1,53000,80,"W","3.29",8.6,"",8,FALSE,"Friday",TRUE,TRUE
16395954,"GGHB",160429,"04/29/2016 05:22:00","1125-Traffic Hazard","I80 W / HARRISON ST OFR","San Francisco",NA,NA,37.784877,-122.39266,4,75,67000,80,"W","5.54",2,"",17,FALSE,"Friday",TRUE,TRUE
16396223,"GGHB",160429,"04/29/2016 08:25:00","1125-Traffic Hazard","I80 W Us101 N Con / I80 W","San Francisco",NA,NA,37.770731,-122.405965,4,75,67000,80,"W","4.188",0.7,"",19,FALSE,"Friday",TRUE,FALSE
16396285,"GGHB",160429,"04/29/2016 08:53:00","1125-Traffic Hazard","I80 W / Mcbryde Ave Ofr","Oakland",NA,NA,37.952263,-122.327903,4,13,60620,80,"W","4.054",17.4,"",3,FALSE,"Friday",TRUE,TRUE
16396532,"GGHB",160429,"04/29/2016 11:16:00","1125-Traffic Hazard","I80 W / San Pablo Dam Rd Ofr","Oakland",NA,NA,37.959772,-122.330645,4,13,68294,80,"W","4.554",17.9,"",21,FALSE,"Friday",TRUE,TRUE
16396676,"GGHB",160429,"04/29/2016 12:34:00","1125-Traffic Hazard","I80 W / Waterman Blvd Ofr","Solano",NA,NA,38.276293,-122.047378,4,95,23182,80,"W","19.404",46.9,"",2,FALSE,"Friday",TRUE,TRUE
16397024,"GGHB",160429,"04/29/2016 15:16:00","1125-Traffic Hazard","I80 W / Treasure Island Onr","San Francisco",NA,NA,37.808087,-122.367206,4,75,67000,80,"W","7.64",4.1,"",10,FALSE,"Friday",TRUE,TRUE
16397285,"GGHB",160429,"04/29/2016 16:40:00","1182-Trfc Collision-No Inj","I80 W / Fremont St Ofr","San Francisco",NA,NA,37.78699,-122.389859,4,75,67000,80,"W","5.74",2.2,"",19,TRUE,"Friday",TRUE,TRUE
16397297,"GGHB",160429,"04/29/2016 16:51:00","1125-Traffic Hazard","I80 W / W Texas St Onr","Solano",NA,NA,38.247868,-122.073078,4,95,23182,80,"W","17.004",44.5,"",2,FALSE,"Friday",TRUE,TRUE
16397337,"GGHB",160429,"04/29/2016 17:05:00","1125-Traffic Hazard","I80 W / Yerba Buena Island Ofr","San Francisco",NA,NA,37.811091,-122.364007,4,75,67000,80,"W","7.94",4.4,"",20,FALSE,"Friday",TRUE,TRUE
16397442,"GGHB",160429,"04/29/2016 17:44:00","1125-Traffic Hazard","I80 W / I580 W","Oakland",NA,NA,37.830669,-122.293345,4,1,53000,80,"W","3.29",8.6,"",20,FALSE,"Friday",TRUE,FALSE
16397551,"GGHB",160429,"04/29/2016 18:36:00","1183-Trfc Collision-Unkn Inj","I80 W / Magazine St Ofr","Solano",NA,NA,38.085969,-122.232797,4,95,81666,80,"W","1.815",29.3,"",44,TRUE,"Friday",TRUE,TRUE
16397612,"GGHB",160429,"04/29/2016 19:14:00","1125A-Animal Hazard","I80 W / Sfobb Toll Plaza Ofr","Oakland",NA,NA,37.825388,-122.304799,4,1,53000,80,"W","2.49",7.8,"",6,FALSE,"Friday",TRUE,TRUE
16397624,"GGHB",160429,"04/29/2016 19:26:00","1125-Traffic Hazard","I80 W / Treasure Island Onr","San Francisco",NA,NA,37.808087,-122.367206,4,75,67000,80,"W","7.64",4.1,"",13,FALSE,"Friday",TRUE,TRUE
16397855,"GGHB",160429,"04/29/2016 21:52:00","1125-Traffic Hazard","I80 W / Treasure Island Onr","San Francisco",NA,NA,37.808087,-122.367206,4,75,67000,80,"W","7.64",4.1,"",3,FALSE,"Friday",TRUE,TRUE
16397862,"GGHB",160429,"04/29/2016 21:59:00","CZP-Assist with Construction","I80 W / El Portal Dr Ofr","Oakland",NA,NA,37.970799,-122.320338,4,13,60620,80,"W","5.554",18.9,"",21,FALSE,"Friday",TRUE,TRUE
16397891,"GGHB",160429,"04/29/2016 22:07:00","1125-Traffic Hazard","I80 W / Gilman St Ofr","Oakland",NA,NA,37.881911,-122.308246,4,1,6000,80,"W","6.79",12.1,"",12,FALSE,"Friday",TRUE,TRUE
16397948,"GGHB",160429,"04/29/2016 22:56:00","20002-Hit and Run No Injuries","I80 W / Carq Toll Plaza Onr","Solano",NA,NA,38.066663,-122.226728,4,95,NA,80,"W","0.415",27.9,"",45,FALSE,"Friday",TRUE,TRUE
